City_ID,City,Lat,Lng,Max Temp,Humidity,Cloudiness,Wind Speed,Country,Date
0,Los Llanos De Aridane,28.6585,-17.9182,62.35,83,75,11.99,ES,2021-12-08 18:44:12
1,Mataura,-46.1927,168.8643,52.48,94,96,0.76,NZ,2021-12-08 18:44:12
2,Bluff,-46.6,168.3333,52.81,86,100,3.44,NZ,2021-12-08 18:44:13
3,Marmora,44.4583,7.094,25.93,90,100,6.87,IT,2021-12-08 18:44:13
4,Carnarvon,-24.8667,113.6333,71.67,88,90,13.8,AU,2021-12-08 18:44:13
5,Gustrow,53.7972,12.1734,35.11,86,90,11.5,DE,2021-12-08 18:44:14
6,Udachnyy,66.4167,112.4,-30.71,100,86,5.17,RU,2021-12-08 18:44:14
7,Hithadhoo,-0.6,73.0833,81.86,74,98,10.47,MV,2021-12-08 18:43:56
8,Barrow,71.2906,-156.7887,8.62,72,90,27.63,US,2021-12-08 18:44:15
9,Punta Arenas,-53.15,-70.9167,64.51,20,0,12.66,CL,2021-12-08 18:40:44
10,Rikitea,-23.1203,-134.9692,75.45,68,10,20.45,PF,2021-12-08 18:44:15
11,Albany,42.6001,-73.9662,36.81,77,100,5.32,US,2021-12-08 18:40:39
12,Chifeng,42.2683,118.9636,33.76,40,100,5.26,CN,2021-12-08 18:43:27
13,Ushuaia,-54.8,-68.3,56.86,33,0,0.0,AR,2021-12-08 18:42:04
14,Sinnamary,5.3833,-52.95,80.31,84,100,6.8,GF,2021-12-08 18:44:16
15,Kapaa,22.0752,-159.319,79.12,81,75,1.99,US,2021-12-08 18:40:10
16,Qaanaaq,77.484,-69.3632,9.27,64,15,8.46,GL,2021-12-08 18:44:16
17,Plettenberg Bay,-34.0527,23.3716,65.23,91,65,10.51,ZA,2021-12-08 18:44:16
18,Sena Madureira,-9.0656,-68.6569,85.03,73,100,2.71,BR,2021-12-08 18:44:17
19,Vao,-22.6667,167.4833,78.08,83,22,11.43,NC,2021-12-08 18:44:17
20,Atuona,-9.8,-139.0333,78.22,74,7,17.87,PF,2021-12-08 18:44:17
21,Olafsvik,64.8945,-23.7142,36.91,73,100,25.41,IS,2021-12-08 18:36:03
22,Orimattila,60.8049,25.7296,4.24,97,35,1.16,FI,2021-12-08 18:44:18
23,Hilo,19.7297,-155.09,73.8,43,90,6.91,US,2021-12-08 18:42:12
24,Zaragoza,41.6561,-0.8773,44.46,71,20,11.01,ES,2021-12-08 18:43:40
25,Hermanus,-34.4187,19.2345,64.8,81,85,14.97,ZA,2021-12-08 18:44:18
26,Saskylakh,71.9167,114.0833,-6.45,92,100,8.66,RU,2021-12-08 18:44:19
27,Hasaki,35.7333,140.8333,46.8,77,100,33.02,JP,2021-12-08 18:42:40
28,Mahibadhoo,3.7833,72.9667,81.91,76,100,8.21,MV,2021-12-08 18:44:19
29,Muros,42.7762,-9.0603,52.23,89,100,19.62,ES,2021-12-08 18:44:19
30,Clyde River,70.4692,-68.5914,7.03,78,12,11.5,CA,2021-12-08 18:44:20
31,Butaritari,3.0707,172.7902,82.4,76,100,13.18,KI,2021-12-08 18:44:20
32,Miquelon,47.0975,-56.3814,35.6,66,100,17.76,PM,2021-12-08 18:44:20
33,Vilhena,-12.7406,-60.1458,80.82,78,40,9.22,BR,2021-12-08 18:44:21
34,Hobart,-42.8794,147.3294,48.06,84,75,9.22,AU,2021-12-08 18:44:21
35,Koshurnikovo,54.1667,93.3,-9.54,99,97,3.65,RU,2021-12-08 18:44:21
36,Busselton,-33.65,115.3333,79.05,51,3,9.69,AU,2021-12-08 18:44:22
37,Klaksvik,62.2266,-6.589,41.92,76,100,25.99,FO,2021-12-08 18:44:22
38,Tiksi,71.6872,128.8694,-19.93,96,100,6.87,RU,2021-12-08 18:44:22
39,Victoria,22.2855,114.1577,68.38,80,34,5.99,HK,2021-12-08 18:42:22
40,Cape Town,-33.9258,18.4232,72.01,68,0,3.0,ZA,2021-12-08 18:43:15
41,Saint-Philippe,-21.3585,55.7679,74.79,75,37,11.07,RE,2021-12-08 18:44:23
42,Dunedin,-45.8742,170.5036,56.68,83,99,4.38,NZ,2021-12-08 18:44:23
43,Padang,-0.9492,100.3543,77.05,88,96,3.98,ID,2021-12-08 18:39:44
44,Tuktoyaktuk,69.4541,-133.0374,10.4,92,75,10.36,CA,2021-12-08 18:45:24
45,Paamiut,61.994,-49.6678,21.15,77,100,10.56,GL,2021-12-08 18:45:24
46,Kenitra,34.261,-6.5802,56.84,73,96,8.48,MA,2021-12-08 18:44:04
47,Pisco,-13.7,-76.2167,71.02,73,0,8.05,PE,2021-12-08 18:45:25
48,Atherton,53.5237,-2.4935,45.43,91,100,10.0,GB,2021-12-08 18:45:25
49,Male,4.1748,73.5089,84.15,79,75,6.91,MV,2021-12-08 18:45:25
50,Imbituba,-28.24,-48.6703,75.09,58,18,7.25,BR,2021-12-08 18:45:26
51,East London,-33.0153,27.9116,70.74,94,75,8.05,ZA,2021-12-08 18:45:26
52,Ribeira Grande,38.5167,-28.7,61.2,67,75,6.91,PT,2021-12-08 18:43:57
53,Pasighat,28.0667,95.3333,62.46,67,10,3.42,IN,2021-12-08 18:45:27
54,Puerto Ayora,-0.7393,-90.3518,78.76,76,98,9.82,EC,2021-12-08 18:45:28
55,Matehuala,23.65,-100.65,75.2,21,100,2.84,MX,2021-12-08 18:45:28
56,Farmington,36.7281,-108.2187,45.7,58,75,9.22,US,2021-12-08 18:45:29
57,Chokurdakh,70.6333,147.9167,-47.34,100,97,3.69,RU,2021-12-08 18:45:29
58,Longyearbyen,78.2186,15.6401,26.44,86,75,2.3,SJ,2021-12-08 18:41:08
59,Ilulissat,69.2167,-51.1,3.99,92,100,2.44,GL,2021-12-08 18:41:25
60,Porto Novo,6.4965,2.6036,84.02,76,10,7.36,BJ,2021-12-08 18:45:29
61,Mount Gambier,-37.8333,140.7667,44.51,93,84,8.05,AU,2021-12-08 18:45:30
62,Guerrero Negro,27.9769,-114.0611,67.68,56,100,4.43,MX,2021-12-08 18:45:30
63,Sawakin,19.1059,37.3321,81.48,72,18,12.62,SD,2021-12-08 18:45:30
64,Port Lincoln,-34.7333,135.8667,55.17,65,60,13.6,AU,2021-12-08 18:43:22
65,Roald,62.5833,6.1333,37.09,55,0,14.97,NO,2021-12-08 18:45:31
66,Sampit,-2.5333,112.95,74.59,99,99,1.63,ID,2021-12-08 18:45:31
67,Georgetown,5.4112,100.3354,80.89,78,20,8.01,MY,2021-12-08 18:44:37
68,Kodiak,57.79,-152.4072,35.11,87,90,0.0,US,2021-12-08 18:45:31
69,Alyangula,-13.8483,136.4192,75.07,100,99,1.14,AU,2021-12-08 18:45:32
70,Provideniya,64.3833,-173.3,4.19,93,100,18.48,RU,2021-12-08 18:45:32
71,Torbat-E Jam,35.244,60.6225,45.54,47,1,2.53,IR,2021-12-08 18:45:33
72,Penzance,50.1186,-5.5371,45.77,57,30,30.47,GB,2021-12-08 18:45:33
73,Kaitangata,-46.2817,169.8464,55.56,82,71,0.25,NZ,2021-12-08 18:45:34
74,Byron Bay,-28.65,153.6167,72.05,91,11,4.47,AU,2021-12-08 18:45:34
75,Goderich,43.7501,-81.7165,29.91,68,100,10.36,CA,2021-12-08 18:44:19
76,Thompson,55.7435,-97.8558,-18.24,69,75,2.3,CA,2021-12-08 18:45:35
77,The Pas,53.8251,-101.2541,-0.38,78,90,19.57,CA,2021-12-08 18:45:12
78,Port Elizabeth,-33.918,25.5701,67.1,88,90,6.91,ZA,2021-12-08 18:45:35
79,Tazovskiy,67.4667,78.7,23.4,91,100,22.21,RU,2021-12-08 18:45:36
80,Dikson,73.5069,80.5464,0.0,92,100,24.29,RU,2021-12-08 18:45:36
81,Gusau,12.1628,6.6614,73.98,16,4,8.77,NG,2021-12-08 18:45:36
82,Santa Maria,-29.6842,-53.8069,81.7,36,0,14.97,BR,2021-12-08 18:45:37
83,Vaini,-21.2,-175.2,75.36,88,20,6.91,TO,2021-12-08 18:45:37
84,Zatoka,46.0725,30.4654,45.14,94,100,16.35,UA,2021-12-08 18:45:38
85,Taoudenni,22.6783,-3.9836,67.26,14,100,9.8,ML,2021-12-08 18:41:26
86,Jumla,29.2747,82.1838,38.25,35,1,5.86,NP,2021-12-08 18:45:38
87,Dandong,40.1292,124.3947,34.57,58,93,3.38,CN,2021-12-08 18:45:38
88,Salinas,36.6777,-121.6555,60.01,81,20,9.22,US,2021-12-08 18:45:39
89,Nanortalik,60.1432,-45.2371,27.68,89,98,13.27,GL,2021-12-08 18:45:39
90,Katherine,-14.4667,132.2667,79.12,89,75,4.61,AU,2021-12-08 18:36:08
91,Port Alfred,-33.5906,26.891,68.83,93,100,13.6,ZA,2021-12-08 18:45:40
92,Zhangye,38.9342,100.4517,32.85,30,11,4.18,CN,2021-12-08 18:46:40
93,Visnes,59.3556,5.2242,41.22,52,0,27.63,NO,2021-12-08 18:46:40
94,Jamestown,42.097,-79.2353,29.52,88,90,5.99,US,2021-12-08 18:46:41
95,Avarua,-21.2078,-159.775,77.05,94,90,8.05,CK,2021-12-08 18:43:53
96,Mahebourg,-20.4081,57.7,79.09,73,40,6.91,MU,2021-12-08 18:42:43
97,San Patricio,28.017,-97.5169,78.78,47,35,3.04,US,2021-12-08 18:46:15
98,Moussoro,13.6408,16.4901,76.71,12,0,15.95,TD,2021-12-08 18:46:43
99,Ponta Do Sol,32.6667,-17.1,65.71,77,58,7.61,PT,2021-12-08 18:46:43
100,Visby,57.6409,18.296,31.05,80,0,18.41,SE,2021-12-08 18:46:44
101,Skjervoy,70.0311,20.9714,24.98,74,3,15.28,NO,2021-12-08 18:46:44
102,Saint Anthony,45.0205,-93.218,20.25,78,40,4.0,US,2021-12-08 18:46:44
103,Warragul,-38.1667,145.9333,55.27,93,100,3.0,AU,2021-12-08 18:46:45
104,Kraslava,55.8951,27.168,9.16,91,9,6.78,LV,2021-12-08 18:46:45
105,Aksu,41.1231,80.2644,29.05,42,3,1.05,CN,2021-12-08 18:46:45
106,Presidencia Roque Saenz Pena,-26.7852,-60.4388,100.24,17,0,7.07,AR,2021-12-08 18:45:54
107,Castro,-24.7911,-50.0119,72.52,44,5,5.59,BR,2021-12-08 18:42:37
108,New Norfolk,-42.7826,147.0587,47.71,70,0,2.3,AU,2021-12-08 18:46:16
109,Manavalakurichi,8.1333,77.3,80.69,83,5,3.49,IN,2021-12-08 18:46:46
110,Hambantota,6.1241,81.1185,77.34,100,40,6.91,LK,2021-12-08 18:46:46
111,Faanui,-16.4833,-151.75,81.16,76,18,14.41,PF,2021-12-08 18:46:47
112,Adelaide,-34.9333,138.6,54.48,68,75,4.61,AU,2021-12-08 18:46:48
113,Poum,-20.2333,164.0167,81.05,77,6,8.19,NC,2021-12-08 18:46:48
114,Aykhal,66.0,111.5,-25.24,100,90,6.24,RU,2021-12-08 18:46:49
115,Vaitape,-16.5167,-151.75,81.16,76,19,14.29,PF,2021-12-08 18:46:49
116,Codrington,-38.2667,141.9667,52.61,70,21,15.43,AU,2021-12-08 18:46:50
117,Kavieng,-2.5744,150.7967,81.1,84,100,18.84,PG,2021-12-08 18:46:50
118,Rawson,-43.3002,-65.1023,57.69,52,3,19.35,AR,2021-12-08 18:46:50
119,Bredasdorp,-34.5322,20.0403,64.27,88,98,13.15,ZA,2021-12-08 18:46:51
120,Port Hardy,50.6996,-127.4199,42.8,87,75,11.5,CA,2021-12-08 18:46:51
121,Moron,-34.6534,-58.6198,84.97,36,94,7.0,AR,2021-12-08 18:45:37
122,Touros,-5.1989,-35.4608,86.9,65,75,13.76,BR,2021-12-08 18:44:05
123,Nizhneudinsk,54.9076,99.0276,8.19,84,85,4.21,RU,2021-12-08 18:46:52
124,Sambava,-14.2667,50.1667,75.78,79,98,7.92,MG,2021-12-08 18:46:52
125,Dudinka,69.4058,86.1778,6.62,95,100,7.85,RU,2021-12-08 18:46:52
126,Vardo,70.3705,31.1107,12.18,85,0,13.8,NO,2021-12-08 18:46:53
127,Saint George,37.1041,-113.5841,54.36,76,90,1.99,US,2021-12-08 18:43:01
128,Katsuura,35.1333,140.3,51.91,80,100,27.69,JP,2021-12-08 18:46:53
129,Geraldton,-28.7667,114.6,70.21,88,90,5.75,AU,2021-12-08 18:46:53
130,Koszalin,54.1944,16.1722,25.68,80,100,14.99,PL,2021-12-08 18:46:54
131,Hofn,64.2539,-15.2082,34.57,49,100,9.78,IS,2021-12-08 18:46:54
132,Payo,-3.7508,103.6372,73.42,98,100,2.44,ID,2021-12-08 18:46:54
133,Pacific Grove,36.6177,-121.9166,60.42,93,90,5.01,US,2021-12-08 18:46:55
134,Caarapo,-22.6342,-54.8222,87.33,28,2,6.69,BR,2021-12-08 18:46:55
135,Sterling,39.0062,-77.4286,44.4,56,75,1.01,US,2021-12-08 18:45:53
136,Marawi,7.9986,124.2928,65.64,97,100,1.7,PH,2021-12-08 18:46:56
137,Quime,-16.9833,-67.2167,55.71,92,100,5.39,BO,2021-12-08 18:46:56
138,Port-Gentil,-0.7193,8.7815,80.71,79,100,6.06,GA,2021-12-08 18:47:56
139,Nikolskoye,59.7035,30.7861,8.49,99,100,2.8,RU,2021-12-08 18:47:57
140,Kasongo-Lunda,-6.4667,16.8167,68.41,97,20,1.34,CD,2021-12-08 18:47:57
141,San Felipe,10.3399,-68.7425,83.98,55,100,8.25,VE,2021-12-08 18:44:08
142,La Ronge,55.1001,-105.2842,1.65,78,90,11.5,CA,2021-12-08 18:47:58
143,Khatanga,71.9667,102.5,1.35,95,100,12.39,RU,2021-12-08 18:47:58
144,Kem,64.9555,34.5793,14.95,96,97,4.16,RU,2021-12-08 18:47:58
145,Bethel,41.3712,-73.414,38.91,66,90,4.61,US,2021-12-08 18:47:59
146,Mercedes,-34.6515,-59.4307,85.51,18,66,8.66,AR,2021-12-08 18:47:59
147,Sangerhausen,51.4667,11.3,38.05,87,100,2.28,DE,2021-12-08 18:47:59
148,Haines Junction,60.7522,-137.5108,1.35,92,100,1.14,CA,2021-12-08 18:48:00
149,Santa Cruz Del Sur,20.7147,-77.9956,83.48,59,1,8.77,CU,2021-12-08 18:48:00
150,Sorland,67.667,12.6934,28.26,73,93,11.7,NO,2021-12-08 18:48:00
151,Lebu,-37.6167,-73.65,61.86,76,17,18.48,CL,2021-12-08 18:48:01
152,Namibe,-15.1961,12.1522,69.67,72,0,7.45,AO,2021-12-08 18:48:01
153,Atar,20.5169,-13.0499,82.45,14,26,17.27,MR,2021-12-08 18:48:02
154,Nome,64.5011,-165.4064,5.07,78,1,9.22,US,2021-12-08 18:48:02
155,Hudiksvall,61.729,17.1036,22.62,90,100,4.61,SE,2021-12-08 18:48:03
156,Zorritos,-3.6805,-80.6782,80.89,70,92,12.01,PE,2021-12-08 18:48:03
157,Charters Towers,-20.1,146.2667,76.03,80,100,7.85,AU,2021-12-08 18:48:03
158,Port Hedland,-20.3167,118.5667,82.45,65,10,3.44,AU,2021-12-08 18:48:05
159,Marrakesh,31.6315,-8.0083,60.87,44,0,3.44,MA,2021-12-08 18:48:05
160,Boddam,57.4667,-1.7833,42.39,82,100,15.41,GB,2021-12-08 18:48:06
161,Cherskiy,68.75,161.3,-44.14,99,100,3.96,RU,2021-12-08 18:48:06
162,Ovsyanka,55.9575,92.5519,7.77,91,100,5.79,RU,2021-12-08 18:48:06
163,Airai,-8.9266,125.4092,61.0,92,97,1.03,TL,2021-12-08 18:48:07
164,Idah,7.1065,6.7342,82.35,26,99,0.87,NG,2021-12-08 18:48:07
165,Harper,4.375,-7.7169,80.44,81,14,9.33,LR,2021-12-08 18:48:07
166,Esperance,-33.8667,121.9,57.04,75,0,17.22,AU,2021-12-08 18:48:08
167,Ahipara,-35.1667,173.1667,64.87,86,100,3.38,NZ,2021-12-08 18:47:29
168,Cabo Rojo,18.0866,-67.1457,85.89,69,86,5.01,PR,2021-12-08 18:48:08
169,Upernavik,72.7868,-56.1549,4.91,87,86,6.6,GL,2021-12-08 18:48:08
170,Alugan,12.2188,125.4808,79.2,87,100,19.89,PH,2021-12-08 18:48:09
171,Saint-Augustin,51.226,-58.6502,18.9,43,100,15.28,CA,2021-12-08 18:48:09
172,Koroni,36.8,21.95,52.07,64,6,10.2,GR,2021-12-08 18:48:10
173,Micheweni,-4.9667,39.8333,79.99,80,17,11.5,TZ,2021-12-08 18:48:10
174,Shingu,33.7333,135.9833,45.16,80,0,6.64,JP,2021-12-08 18:48:10
175,Tingi,-11.3,35.0333,69.1,53,0,3.56,TZ,2021-12-08 18:48:11
176,Itarema,-2.9248,-39.9167,85.93,61,10,17.67,BR,2021-12-08 18:48:11
177,Sao Joao Da Barra,-21.6403,-41.0511,69.89,90,100,12.12,BR,2021-12-08 18:43:30
178,College,64.8569,-147.8028,15.75,73,75,0.0,US,2021-12-08 18:48:11
179,Okhotsk,59.3833,143.3,-22.79,80,1,14.58,RU,2021-12-08 18:48:12
180,Kapit,2.0167,112.9333,73.63,100,51,0.6,MY,2021-12-08 18:48:12
181,Arraial Do Cabo,-22.9661,-42.0278,69.76,88,75,5.75,BR,2021-12-08 18:49:13
182,Arieseni,46.4833,22.7667,26.91,96,79,3.76,RO,2021-12-08 18:49:13
183,Korsakov,46.6328,142.7813,12.04,72,1,6.76,RU,2021-12-08 18:49:13
184,Bathsheba,13.2167,-59.5167,84.81,70,40,20.71,BB,2021-12-08 18:48:40
185,Nicoya,10.1483,-85.452,89.15,57,31,10.04,CR,2021-12-08 18:49:14
186,Henties Bay,-22.116,14.2845,58.86,90,0,7.29,NA,2021-12-08 18:49:14
187,Alice Springs,-23.7,133.8833,65.75,59,90,14.97,AU,2021-12-08 18:49:14
188,Lac Du Bonnet,50.2536,-96.0612,1.58,73,100,7.99,CA,2021-12-08 18:49:15
189,Huarmey,-10.0681,-78.1522,72.54,76,44,10.38,PE,2021-12-08 18:49:15
190,Narsaq,60.9167,-46.05,28.62,89,98,11.72,GL,2021-12-08 18:49:15
191,Machico,32.7,-16.7667,65.71,92,75,11.5,PT,2021-12-08 18:49:16
192,Cabo San Lucas,22.8909,-109.9124,83.52,66,100,3.0,MX,2021-12-08 18:49:16
193,Marsa Matruh,31.3525,27.2453,61.0,51,40,11.5,EG,2021-12-08 18:49:16
194,Luderitz,-26.6481,15.1594,62.58,88,0,12.64,NA,2021-12-08 18:49:17
195,Ellisras,-23.6649,27.7443,70.32,72,97,4.38,ZA,2021-12-08 18:49:17
196,Ornskoldsvik,63.2909,18.7153,18.55,93,75,3.44,SE,2021-12-08 18:49:17
197,Isla Mujeres,21.2311,-86.731,84.25,69,51,8.34,MX,2021-12-08 18:49:18
198,Opuwo,-18.0607,13.84,77.27,19,28,10.58,NA,2021-12-08 18:49:18
199,Madina,5.6823,-0.1641,84.16,74,20,6.91,GH,2021-12-08 18:49:19
200,Nichinan,31.6,131.3667,46.76,77,2,12.55,JP,2021-12-08 18:49:19
201,Korem,12.5058,39.5228,50.32,29,0,3.51,ET,2021-12-08 18:49:19
202,Hay River,60.8156,-115.7999,1.38,92,90,9.22,CA,2021-12-08 18:49:20
203,Tezu,27.9167,96.1667,66.18,50,89,3.06,IN,2021-12-08 18:49:20
204,Necochea,-38.5473,-58.7368,84.04,43,100,15.77,AR,2021-12-08 18:49:20
205,Hirara,24.8,125.2833,71.1,56,98,17.94,JP,2021-12-08 18:49:21
206,Adrar,20.5022,-10.0711,67.3,11,15,11.59,MR,2021-12-08 18:49:21
207,Tsaratanana,-16.7833,47.65,76.77,58,3,7.85,MG,2021-12-08 18:49:21
208,Ancud,-41.8697,-73.8203,80.22,62,4,7.23,CL,2021-12-08 18:49:22
209,Abu Samrah,35.3029,37.1841,52.43,73,100,9.33,SY,2021-12-08 18:49:22
210,Takoradi,4.8845,-1.7554,81.1,80,6,8.23,GH,2021-12-08 18:49:22
211,Mahajanga,-15.7167,46.3167,82.42,74,20,0.0,MG,2021-12-08 18:49:23
212,Pokhara,28.2333,83.9833,55.83,37,0,5.57,NP,2021-12-08 18:49:23
213,Monmouth,40.3001,-74.1663,42.91,66,90,5.75,US,2021-12-08 18:45:45
214,Akureyri,65.6835,-18.0878,15.73,92,0,4.61,IS,2021-12-08 18:49:24
215,Umm Lajj,25.0213,37.2685,70.75,48,18,18.23,SA,2021-12-08 18:49:24
216,Pangnirtung,66.1451,-65.7125,3.2,72,75,5.75,CA,2021-12-08 18:49:24
217,Puerto Del Rosario,28.5004,-13.8627,65.95,68,40,19.57,ES,2021-12-08 18:49:25
218,Uni,57.7535,51.4923,30.11,98,100,13.06,RU,2021-12-08 18:49:25
219,Kiunga,-6.1219,141.2906,72.72,99,93,1.5,PG,2021-12-08 18:49:25
220,Karratha,-20.7377,116.8463,88.54,42,41,7.47,AU,2021-12-08 18:49:26
221,Broome,42.2506,-75.833,34.84,71,90,1.99,US,2021-12-08 18:49:26
222,Sassandra,4.95,-6.0833,80.11,82,26,7.43,CI,2021-12-08 18:49:26
223,Coihaique,-45.5752,-72.0662,71.55,40,20,5.75,CL,2021-12-08 18:48:08
224,Kisangani,0.5167,25.2,74.39,85,99,1.01,CD,2021-12-08 18:49:27
225,Vanimo,-2.6741,141.3028,77.99,88,100,5.7,PG,2021-12-08 18:49:27
226,Kabale,-1.2486,29.9899,57.09,90,100,2.39,UG,2021-12-08 18:49:27
227,Saintes,45.6667,-0.75,44.29,84,100,9.15,FR,2021-12-08 18:49:28
228,Saint-Pierre,-21.3393,55.4781,74.88,76,0,4.61,RE,2021-12-08 18:50:28
229,Minab,27.1467,57.0801,60.3,26,83,4.94,IR,2021-12-08 18:50:28
230,Cidreira,-30.1811,-50.2056,70.27,66,10,12.82,BR,2021-12-08 18:50:29
231,Lorvao,40.2594,-8.3168,51.85,83,64,11.05,PT,2021-12-08 18:50:29
232,Okoneshnikovo,54.8377,75.0834,-5.53,95,24,6.11,RU,2021-12-08 18:50:29
233,Tekkali,18.6167,84.2333,73.49,79,72,9.28,IN,2021-12-08 18:50:30
234,Corinth,37.9407,22.9573,55.69,67,19,7.56,GR,2021-12-08 18:48:47
235,Zhongshu,24.5167,103.7667,49.12,97,96,2.95,CN,2021-12-08 18:50:31
236,Ishigaki,24.3448,124.1572,71.2,61,100,17.6,JP,2021-12-08 18:50:32
237,Aswan,24.0934,32.907,61.9,27,0,11.5,EG,2021-12-08 18:50:32
238,Yerbogachen,61.2767,108.0108,-8.55,86,79,9.13,RU,2021-12-08 18:50:32
239,Camacha,33.0833,-16.3333,61.54,72,40,11.5,PT,2021-12-08 18:50:33
240,Vila Velha,-20.3297,-40.2925,75.15,92,90,14.0,BR,2021-12-08 18:50:33
241,Jalu,29.0331,21.5482,58.03,53,0,6.02,LY,2021-12-08 18:50:33
242,Ligayan,4.6533,119.4706,81.43,82,100,13.73,PH,2021-12-08 18:50:34
243,Ninghai,29.2892,121.4247,54.73,75,94,1.72,CN,2021-12-08 18:50:34
244,Isangel,-19.55,169.2667,77.11,100,40,0.0,VU,2021-12-08 18:49:53
245,Bambous Virieux,-20.3428,57.7575,79.05,73,40,6.91,MU,2021-12-08 18:50:34
246,Harlingen,26.1906,-97.6961,76.91,73,90,8.05,US,2021-12-08 18:47:15
247,Honiara,-9.4333,159.95,78.55,91,100,3.49,SB,2021-12-08 18:50:03
248,Xuanhua,40.6103,115.0447,31.57,61,100,3.94,CN,2021-12-08 18:50:35
249,Kaniama,-7.5667,24.1833,67.42,95,100,1.25,CD,2021-12-08 18:50:35
250,Soe,-9.8607,124.284,67.12,91,100,2.19,ID,2021-12-08 18:50:36
251,Victoria Point,-27.5833,153.3,69.91,96,1,1.01,AU,2021-12-08 18:50:36
252,Yellowknife,62.456,-114.3525,6.42,89,90,10.36,CA,2021-12-08 18:50:36
253,Chau Doc,10.7,105.1167,72.9,82,100,6.17,VN,2021-12-08 18:50:36
254,Khandbari,27.3747,87.2039,54.72,68,3,2.95,NP,2021-12-08 18:50:37
255,Roblin,51.23,-101.3565,8.47,95,100,15.52,CA,2021-12-08 18:50:34
256,Ratlam,23.3167,75.0667,63.52,50,3,8.84,IN,2021-12-08 18:50:37
257,Waipawa,-41.4122,175.5153,63.23,76,68,10.42,NZ,2021-12-08 18:50:38
258,Kahului,20.8947,-156.47,78.84,90,40,3.44,US,2021-12-08 18:50:38
259,Norsup,-16.0667,167.3833,80.67,83,59,7.54,VU,2021-12-08 18:50:39
260,Grand Gaube,-20.0064,57.6608,79.2,68,16,5.99,MU,2021-12-08 18:50:39
261,Maniwaki,46.3834,-75.966,18.14,86,100,5.75,CA,2021-12-08 18:47:20
262,Makakilo City,21.3469,-158.0858,77.32,84,1,8.05,US,2021-12-08 18:49:09
263,Lasa,46.6166,10.7002,33.26,96,100,2.51,IT,2021-12-08 18:50:40
264,Verkhnyaya Inta,65.9811,60.3094,-6.07,98,20,7.99,RU,2021-12-08 18:50:40
265,Yeppoon,-23.1333,150.7333,74.98,86,100,4.12,AU,2021-12-08 18:50:40
266,Sao Jose Da Coroa Grande,-8.8978,-35.1478,83.64,67,17,10.89,BR,2021-12-08 18:50:41
267,Akhmeta,42.0311,45.2075,41.52,55,100,1.99,GE,2021-12-08 18:50:41
268,Jardim,-21.4803,-56.1381,93.51,23,0,6.4,BR,2021-12-08 18:50:16
269,Ilhabela,-23.7781,-45.3581,71.65,79,60,5.75,BR,2021-12-08 18:50:41
270,Xifeng,42.7372,124.7222,34.05,51,100,5.57,CN,2021-12-08 18:50:42
271,Meghraj,23.5,73.5,66.65,45,0,9.19,IN,2021-12-08 18:50:42
272,Zyryanka,65.75,150.85,-33.18,100,100,2.86,RU,2021-12-08 18:50:43
273,Orshanka,56.9161,47.8933,32.5,94,100,10.0,RU,2021-12-08 18:50:43
274,Vestmannaeyjar,63.4427,-20.2734,38.39,87,75,32.21,IS,2021-12-08 18:51:43
275,Grants Pass,42.439,-123.3284,47.59,92,90,0.0,US,2021-12-08 18:49:04
276,Stornoway,58.2093,-6.3865,38.93,87,20,5.75,GB,2021-12-08 18:51:44
277,Alofi,-19.0595,-169.9187,73.29,94,100,10.36,NU,2021-12-08 18:51:44
278,Kawalu,-7.3817,108.2082,73.85,96,100,1.36,ID,2021-12-08 18:51:44
279,Pincehely,46.681,18.4394,33.94,82,100,11.07,HU,2021-12-08 18:51:45
280,Margate,51.3813,1.3862,44.91,73,67,1.01,GB,2021-12-08 18:51:45
281,Sisimiut,66.9395,-53.6735,18.25,60,100,8.7,GL,2021-12-08 18:51:45
282,Lowestoft,52.4752,1.7516,45.23,77,100,17.54,GB,2021-12-08 18:51:46
283,Syedove,47.0768,38.156,44.01,86,100,17.2,UA,2021-12-08 18:51:46
284,Ouahigouya,13.5828,-2.4216,81.01,12,0,9.73,BF,2021-12-08 18:51:46
285,Salalah,17.0151,54.0924,73.38,41,0,4.41,OM,2021-12-08 18:51:47
286,Bardiyah,31.7561,25.0865,60.57,65,0,13.56,LY,2021-12-08 18:51:47
287,Luwuk,-0.9516,122.7875,78.06,89,100,1.72,ID,2021-12-08 18:51:47
288,Abu Dhabi,24.4667,54.3667,75.22,68,0,5.75,AE,2021-12-08 18:51:48
289,Tansen,27.8673,83.5467,48.18,69,0,4.03,NP,2021-12-08 18:51:48
290,Kenai,60.5544,-151.2583,12.15,89,75,3.44,US,2021-12-08 18:51:48
291,Garowe,8.4054,48.4845,72.07,51,87,16.15,SO,2021-12-08 18:51:48
292,Champerico,14.3,-91.9167,93.74,62,100,7.05,GT,2021-12-08 18:51:49
293,Chuy,-33.6971,-53.4616,73.02,56,3,14.0,UY,2021-12-08 18:51:08
294,Saint-Georges,12.0564,-61.7485,80.28,83,40,13.8,GD,2021-12-08 18:51:49
295,Nagato,34.3833,131.2,48.11,75,76,10.83,JP,2021-12-08 18:51:50
296,Pevek,69.7008,170.3133,-19.19,97,100,1.72,RU,2021-12-08 18:47:39
297,Fukue,32.6881,128.8419,57.88,63,2,20.51,JP,2021-12-08 18:50:03
298,Ulaangom,49.9811,92.0667,5.34,82,87,5.84,MN,2021-12-08 18:51:50
299,Solikamsk,59.6196,56.7729,19.94,95,100,7.92,RU,2021-12-08 18:51:50
300,Bengkulu,-3.8004,102.2655,75.29,91,41,4.5,ID,2021-12-08 18:49:16
301,Ust-Kuyga,70.0167,135.6,-31.2,93,99,7.34,RU,2021-12-08 18:51:51
302,Kieta,-6.2167,155.6333,79.14,87,100,5.77,PG,2021-12-08 18:51:51
303,Aldan,58.6031,125.3894,20.14,96,100,4.76,RU,2021-12-08 18:51:51
304,Benito Juarez,19.385,-99.165,72.0,31,5,1.01,MX,2021-12-08 18:51:52
305,Wajir,1.7471,40.0573,85.96,58,0,0.0,KE,2021-12-08 18:51:52
306,Cabiraoan,18.3238,122.086,69.96,76,99,8.95,PH,2021-12-08 18:51:52
307,Kruisfontein,-34.0033,24.7314,64.89,92,92,9.31,ZA,2021-12-08 18:51:53
308,Huilong,31.8111,121.655,56.03,63,99,10.89,CN,2021-12-08 18:51:53
309,Samarai,-10.6167,150.6667,81.41,81,100,8.99,PG,2021-12-08 18:51:53
310,Inhambane,-23.865,35.3833,80.58,74,20,0.0,MZ,2021-12-08 18:51:54
311,Leningradskiy,69.3833,178.4167,-7.69,95,100,16.37,RU,2021-12-08 18:51:54
312,Lewiston,44.1003,-70.2148,27.25,89,90,6.91,US,2021-12-08 18:51:54
313,Paranapanema,-23.3886,-48.7228,71.64,55,100,12.08,BR,2021-12-08 18:51:55
314,Wellsford,-36.2833,174.5167,66.65,82,79,1.19,NZ,2021-12-08 18:51:55
315,Puerto Narino,-3.7703,-70.3831,89.55,63,100,1.88,CO,2021-12-08 18:51:55
316,Lodja,-3.4833,23.4333,69.75,90,77,0.58,CD,2021-12-08 18:51:56
317,Rocha,-34.4833,-54.3333,76.77,47,84,16.87,UY,2021-12-08 18:51:56
318,Yagodnoye,62.55,149.6667,-44.86,97,27,5.17,RU,2021-12-08 18:51:56
319,Coos Bay,43.3665,-124.2179,50.31,97,90,11.5,US,2021-12-08 18:49:49
320,Lerwick,60.1545,-1.1494,42.8,91,100,35.25,GB,2021-12-08 18:51:57
321,Seoul,37.5683,126.9778,38.64,93,100,2.3,KR,2021-12-08 18:51:57
322,Celestun,20.8667,-90.4,84.56,62,46,8.39,MX,2021-12-08 18:52:58
323,Shellbrook,53.2168,-106.4011,9.63,94,100,12.73,CA,2021-12-08 18:52:58
324,Andenes,69.3143,16.1194,16.07,67,0,6.91,NO,2021-12-08 18:51:08
325,Mildura,-34.2,142.15,49.96,57,0,10.36,AU,2021-12-08 18:52:58
326,Katsina,12.9894,7.6006,70.25,14,1,9.42,NG,2021-12-08 18:52:59
327,Sitka,57.0531,-135.33,37.29,87,90,11.5,US,2021-12-08 18:52:59
328,Srednekolymsk,67.45,153.6833,-24.03,98,100,4.18,RU,2021-12-08 18:53:00
329,Erie,42.7667,-78.6664,30.25,84,100,1.01,US,2021-12-08 18:53:00
330,Lingao,19.9103,109.6859,69.55,86,22,14.45,CN,2021-12-08 18:53:00
331,Fortuna,40.5982,-124.1573,54.19,76,40,3.0,US,2021-12-08 18:53:00
332,Fort Frances,48.5999,-93.4003,14.22,76,75,0.0,CA,2021-12-08 18:52:02
333,San Juan,-31.5375,-68.5364,79.0,40,67,14.14,AR,2021-12-08 18:53:01
334,Liverpool,53.4106,-2.9779,46.09,88,75,15.99,GB,2021-12-08 18:51:12
335,Diebougou,10.9667,-3.25,85.89,14,0,2.17,BF,2021-12-08 18:53:01
336,Pitkyaranta,61.5734,31.4792,5.11,97,82,5.14,RU,2021-12-08 18:53:02
337,Kenora,49.8167,-94.4337,9.79,72,75,9.22,CA,2021-12-08 18:53:02
338,Seydi,39.4816,62.9137,42.03,62,0,9.95,TM,2021-12-08 18:53:02
339,Luanda,-8.8368,13.2343,82.4,74,20,11.5,AO,2021-12-08 18:53:03
340,Grindavik,63.8424,-22.4338,34.27,93,75,21.85,IS,2021-12-08 18:53:03
341,Bani Walid,31.7566,13.9942,57.56,20,100,10.13,LY,2021-12-08 18:53:03
342,Mar Del Plata,-38.0023,-57.5575,73.42,89,0,24.0,AR,2021-12-08 18:52:50
343,Ostrovnoy,68.0531,39.5131,13.28,86,42,5.1,RU,2021-12-08 18:53:04
344,Nongstoin,25.5167,91.2667,51.35,88,0,3.87,IN,2021-12-08 18:53:04
345,Roma,43.2128,-75.4557,35.46,83,90,6.91,US,2021-12-08 18:53:04
346,Eirunepe,-6.6603,-69.8736,87.37,62,100,2.73,BR,2021-12-08 18:53:05
347,Healdsburg,38.6105,-122.8692,55.38,83,90,1.99,US,2021-12-08 18:51:14
348,Porbandar,21.6422,69.6093,73.11,50,0,13.27,IN,2021-12-08 18:53:05
349,Jibuti,11.5,42.5,72.82,63,0,10.71,DJ,2021-12-08 18:53:06
350,Strezhevoy,60.7333,77.5889,4.98,96,100,8.79,RU,2021-12-08 18:53:06
351,Tel Aviv-Yafo,32.0805,34.7805,62.08,79,75,20.71,IL,2021-12-08 18:53:06
352,Magaria,12.9983,8.9099,71.22,13,21,9.6,NE,2021-12-08 18:53:07
353,Tari,12.4086,4.4914,77.0,15,16,9.98,NG,2021-12-08 18:53:07
354,Bilibino,68.0546,166.4372,-39.1,99,98,1.25,RU,2021-12-08 18:53:07
355,Laguna,38.421,-121.4238,56.64,94,90,1.01,US,2021-12-08 18:53:08
356,Comodoro Rivadavia,-45.8667,-67.5,58.86,41,40,18.41,AR,2021-12-08 18:53:10
357,Kutum,14.2,24.6667,64.96,18,0,12.19,SD,2021-12-08 18:53:10
358,Iqaluit,63.7506,-68.5145,4.73,71,90,11.99,CA,2021-12-08 18:50:56
359,Pareora,-44.4871,171.2132,59.18,91,92,8.25,NZ,2021-12-08 18:53:10
360,Chapais,49.7834,-74.8492,1.18,92,100,6.89,CA,2021-12-08 18:53:11
361,Talnakh,69.4865,88.3972,6.21,98,100,12.64,RU,2021-12-08 18:53:11
362,Merauke,-8.4667,140.3333,78.33,90,100,5.23,ID,2021-12-08 18:53:12
363,Mastic,40.802,-72.8409,41.99,92,90,3.44,US,2021-12-08 18:53:12
364,Yar-Sale,66.8333,70.8333,17.76,79,100,24.32,RU,2021-12-08 18:53:12
365,Arbazh,57.6804,48.3065,32.58,98,100,8.34,RU,2021-12-08 18:53:13
366,Waingapu,-9.6567,120.2641,79.11,83,87,5.19,ID,2021-12-08 18:53:13
367,Lagoa,39.05,-27.9833,60.33,55,100,2.28,PT,2021-12-08 18:54:14
368,Acapulco,16.8634,-99.8901,87.62,66,1,0.0,MX,2021-12-08 18:53:10
369,Amahai,-3.3333,128.9167,78.62,84,100,5.28,ID,2021-12-08 18:54:14
370,Manta,-0.95,-80.7333,80.38,74,40,10.36,EC,2021-12-08 18:54:15
371,Souillac,-20.5167,57.5167,79.18,73,40,6.91,MU,2021-12-08 18:52:40
372,Tonj,7.2737,28.6822,83.91,22,96,3.74,SS,2021-12-08 18:54:16
373,Port Moresby,-9.4431,147.1797,76.42,88,75,3.44,PG,2021-12-08 18:54:16
374,Forestville,38.8451,-76.875,44.49,63,75,5.75,US,2021-12-08 18:54:17
375,Balakhta,55.38,91.6,-1.19,100,100,2.15,RU,2021-12-08 18:54:17
376,Bac Lieu,9.285,105.7244,75.63,80,100,1.97,VN,2021-12-08 18:54:17
377,Port Hawkesbury,45.6169,-61.3485,31.59,62,75,1.99,CA,2021-12-08 18:54:18
378,Torbay,47.6666,-52.7314,36.68,70,75,9.22,CA,2021-12-08 18:54:18
379,Koster,-25.863,26.8976,65.3,65,49,5.32,ZA,2021-12-08 18:54:18
380,Kaohsiung,22.6163,120.3133,68.04,80,20,3.44,TW,2021-12-08 18:54:19
381,Itapirapua,-15.8233,-50.6133,89.74,44,42,3.11,BR,2021-12-08 18:54:19
382,San Quintin,30.4833,-115.95,64.99,64,89,5.93,MX,2021-12-08 18:54:19
383,Itatskiy,56.07,89.0369,1.98,92,100,10.8,RU,2021-12-08 18:54:20
384,Komsomolskiy,40.4272,71.7189,36.82,80,0,4.61,UZ,2021-12-08 18:54:20
385,Iralaya,15.0,-83.2333,82.42,75,97,12.53,HN,2021-12-08 18:54:21
386,Nouadhibou,20.931,-17.0347,66.65,70,7,18.37,MR,2021-12-08 18:54:21
387,Mandalgovi,45.7625,106.2708,21.49,46,1,14.29,MN,2021-12-08 18:54:21
388,Montecristo,8.2971,-74.4733,91.72,54,67,3.24,CO,2021-12-08 18:54:22
389,Xucheng,20.35,110.1288,68.7,82,7,14.14,CN,2021-12-08 18:54:22
390,Saldanha,-33.0117,17.9442,77.05,88,6,12.35,ZA,2021-12-08 18:54:22
391,Iquitos,-3.7481,-73.2472,87.84,62,40,11.5,PE,2021-12-08 18:54:23
392,Kalmunai,7.4167,81.8167,79.05,82,64,7.4,LK,2021-12-08 18:54:23
393,Kununurra,-15.7667,128.7333,75.18,83,40,14.97,AU,2021-12-08 18:54:23
394,Asau,46.4333,26.4,31.75,81,100,1.59,RO,2021-12-08 18:54:25
395,Vostochnyy,55.8167,37.8667,19.38,90,100,8.16,RU,2021-12-08 18:54:25
396,Ndele,8.4109,20.6473,80.17,18,55,4.36,CF,2021-12-08 18:54:26
397,North Platte,41.1239,-100.7654,57.09,33,1,4.0,US,2021-12-08 18:54:26
398,Pundaguitan,6.3711,126.1689,81.9,80,100,8.05,PH,2021-12-08 18:54:26
399,Serra,-20.1286,-40.3078,74.66,78,90,11.5,BR,2021-12-08 18:54:27
400,Nago,26.5881,127.9761,66.27,58,56,12.77,JP,2021-12-08 18:54:27
401,Cayenne,4.9333,-52.3333,80.64,89,75,7.0,GF,2021-12-08 18:54:27
402,Palmer,42.1584,-72.3287,36.64,54,90,1.01,US,2021-12-08 18:54:28
403,Sao Filipe,14.8961,-24.4956,77.67,63,100,8.75,CV,2021-12-08 18:54:28
404,Buala,-8.145,159.5921,79.79,86,100,7.34,SB,2021-12-08 18:54:28
405,Tasiilaq,65.6145,-37.6368,30.2,93,100,36.19,GL,2021-12-08 18:54:29
406,Harrismith,-28.2728,29.1295,57.06,75,100,0.29,ZA,2021-12-08 18:54:29
407,Smithers,54.7804,-127.1743,14.32,92,75,3.44,CA,2021-12-08 18:55:30
408,Broken Hill,-31.95,141.4333,53.31,47,0,11.5,AU,2021-12-08 18:55:30
409,Havre-Saint-Pierre,50.2334,-63.5986,12.79,61,1,17.27,CA,2021-12-08 18:55:30
410,Tarakan,3.3,117.6333,78.3,94,75,2.3,ID,2021-12-08 18:55:31
411,Dingle,10.9995,122.6711,75.6,90,100,12.8,PH,2021-12-08 18:55:31
412,Trabzon,40.9167,39.8333,60.89,37,75,10.36,TR,2021-12-08 18:55:31
413,Marabba,12.35,32.1833,84.4,24,0,12.26,SD,2021-12-08 18:55:32
414,Meulaboh,4.1363,96.1285,77.83,86,98,2.48,ID,2021-12-08 18:55:32
415,Nalut,30.3333,10.85,53.64,22,71,10.83,LY,2021-12-08 18:55:32
416,Yatou,37.15,122.3833,44.4,72,100,2.86,CN,2021-12-08 18:55:33
417,Pacifica,37.6138,-122.4869,57.42,93,90,1.01,US,2021-12-08 18:55:33
418,Sayville,40.7359,-73.0821,42.96,93,90,1.01,US,2021-12-08 18:55:33
419,Sao Miguel Do Araguaia,-13.275,-50.1628,81.12,78,39,5.14,BR,2021-12-08 18:52:16
420,King City,36.2127,-121.126,59.81,67,13,1.19,US,2021-12-08 18:55:34
421,Maragogi,-9.0122,-35.2225,83.52,67,7,11.25,BR,2021-12-08 18:55:34
422,Husavik,66.0449,-17.3389,15.71,66,4,15.82,IS,2021-12-08 18:54:01
423,Howard Springs,-12.497,131.047,82.31,97,49,1.36,AU,2021-12-08 18:55:35
424,Brigantine,39.4101,-74.3646,42.15,74,100,5.12,US,2021-12-08 18:54:03
425,Dubbo,-32.25,148.6167,53.73,87,75,3.44,AU,2021-12-08 18:55:35
426,Severo-Kurilsk,50.6789,156.125,30.54,68,87,26.02,RU,2021-12-08 18:55:35
427,Balabac,7.9868,117.0645,81.16,78,24,20.94,PH,2021-12-08 18:55:36
428,Walvis Bay,-22.9575,14.5053,61.75,77,2,9.22,NA,2021-12-08 18:55:36
429,Burlington,39.8835,-74.6413,41.86,57,20,1.99,US,2021-12-08 18:54:16
430,George Town,5.4112,100.3354,79.95,78,20,8.01,MY,2021-12-08 18:52:15
431,Saint-Joseph,-21.3667,55.6167,73.78,74,30,9.71,RE,2021-12-08 18:55:37
432,Camopi,3.1655,-52.3158,80.91,78,100,3.31,GF,2021-12-08 18:55:37
433,Tabou,4.423,-7.3528,80.62,81,10,9.53,CI,2021-12-08 18:55:37
434,Fort Nelson,58.8053,-122.7002,6.39,85,75,4.61,CA,2021-12-08 18:55:37
435,Tuatapere,-46.1333,167.6833,52.83,96,100,4.0,NZ,2021-12-08 18:55:38
436,Obo,5.3998,26.4869,76.96,36,100,2.51,CF,2021-12-08 18:55:38
437,Spas-Demensk,54.4122,34.0226,15.24,87,100,9.37,RU,2021-12-08 18:55:39
438,Petropavlovsk-Kamchatskiy,53.0452,158.6483,23.59,46,40,17.9,RU,2021-12-08 18:55:39
439,Port Jervis,41.3751,-74.6927,40.39,69,100,4.23,US,2021-12-08 18:55:39
440,Aloleng,16.1307,119.7824,75.79,68,100,9.08,PH,2021-12-08 18:55:40
441,Egvekinot,66.3167,-179.1667,-11.96,86,90,9.66,RU,2021-12-08 18:55:40
442,Sept-Iles,50.2001,-66.3821,6.06,69,90,5.99,CA,2021-12-08 18:55:40
443,Constitucion,-35.3333,-72.4167,66.42,68,20,12.46,CL,2021-12-08 18:54:51
444,Lianyuan,27.6883,111.6642,52.05,65,79,1.12,CN,2021-12-08 18:55:41
445,Oktyabrskiy,54.4815,53.471,25.2,91,100,11.54,RU,2021-12-08 18:55:41
446,Chalus,36.655,51.4204,51.26,87,75,0.0,IR,2021-12-08 18:55:42
447,Kangaatsiaq,68.3065,-53.4641,22.53,69,100,8.57,GL,2021-12-08 18:55:42
448,Luganville,-15.5333,167.1667,79.77,85,83,2.64,VU,2021-12-08 18:55:42
449,Tarnogskiy Gorodok,60.4997,43.5761,5.23,98,76,4.43,RU,2021-12-08 18:55:42
450,Lashio,22.9333,97.75,58.55,98,9,1.68,MM,2021-12-08 18:55:43
451,Bataipora,-22.2953,-53.2711,90.43,25,0,5.95,BR,2021-12-08 18:55:43
452,Pyaozerskiy,65.8333,31.1667,9.84,94,100,6.06,RU,2021-12-08 18:55:43
453,Brigham City,41.5102,-112.0155,51.35,52,1,1.99,US,2021-12-08 18:54:45
454,Hokitika,-42.7167,170.9667,58.23,84,100,1.74,NZ,2021-12-08 18:56:44
455,Thinadhoo,0.5333,72.9333,81.55,75,97,5.68,MV,2021-12-08 18:56:44
456,San Policarpo,12.1791,125.5072,79.63,86,100,21.07,PH,2021-12-08 18:56:44
457,Ihosy,-22.4,46.1167,69.06,78,0,10.69,MG,2021-12-08 18:56:45
458,Pravda,46.9396,142.009,12.2,71,0,10.11,RU,2021-12-08 18:56:45
459,Thanh Hoa,19.8,105.7667,64.24,81,100,6.4,VN,2021-12-08 18:55:24
460,Bonthe,7.5264,-12.505,82.04,78,0,8.12,SL,2021-12-08 18:56:46
461,Jurado,7.1053,-77.7641,82.63,79,89,4.54,CO,2021-12-08 18:56:46
462,Manokwari,-0.8667,134.0833,78.62,81,100,4.72,ID,2021-12-08 18:56:46
463,Bestobe,52.4994,73.0975,-1.25,92,6,7.99,KZ,2021-12-08 18:56:47
464,Linhares,-19.3911,-40.0722,74.34,82,94,9.13,BR,2021-12-08 18:56:47
465,Verkhnevilyuysk,63.4453,120.3167,-29.4,99,100,2.48,RU,2021-12-08 18:56:47
466,Troitsko-Pechorsk,62.7084,56.1964,4.89,98,95,3.36,RU,2021-12-08 18:56:48
467,Beringovskiy,63.05,179.3167,3.04,94,100,13.67,RU,2021-12-08 18:56:49
468,Sloboda,51.1421,40.3021,39.87,89,100,7.23,RU,2021-12-08 18:56:49
469,Galesong,-5.3166,119.3661,77.02,87,81,4.36,ID,2021-12-08 18:56:50
470,Manati,18.4275,-66.4921,86.86,79,31,13.76,PR,2021-12-08 18:56:50
471,Andra,62.5147,65.8878,-9.02,100,9,3.42,RU,2021-12-08 18:56:50
472,Road Town,18.4167,-64.6167,86.04,62,40,12.66,VG,2021-12-08 18:56:51
473,Pitimbu,-7.4706,-34.8086,86.59,68,8,11.14,BR,2021-12-08 18:56:51
474,Lorengau,-2.0226,147.2712,79.66,84,100,17.54,PG,2021-12-08 18:56:51
475,Tuburan,6.6439,122.2736,78.89,82,100,8.63,PH,2021-12-08 18:56:52
476,Yumen,40.2833,97.2,30.52,52,100,10.89,CN,2021-12-08 18:56:52
477,Altamira,-3.2033,-52.2064,87.89,70,75,5.75,BR,2021-12-08 18:56:52
478,Mbandaka,0.0487,18.2603,74.05,82,89,3.4,CD,2021-12-08 18:56:52
479,Bonavista,48.6499,-53.1147,36.12,53,100,18.68,CA,2021-12-08 18:56:53
480,Tilichiki,60.4667,166.1,-10.17,99,100,8.5,RU,2021-12-08 18:56:53
481,Sotnikovo,51.8845,107.4791,5.09,85,90,4.47,RU,2021-12-08 18:56:54
482,Pangody,65.85,74.4859,16.59,90,100,25.97,RU,2021-12-08 18:56:54
483,Klyuchi,52.2667,79.1667,0.82,96,97,5.91,RU,2021-12-08 18:56:54
484,Norman Wells,65.282,-126.8329,1.44,85,90,2.3,CA,2021-12-08 18:53:54
485,Banjar,-8.19,114.9675,80.46,86,100,6.15,ID,2021-12-08 18:56:56
486,Macapa,0.0389,-51.0664,87.78,74,75,4.61,BR,2021-12-08 18:56:56
487,Mirandopolis,-21.1336,-51.1017,87.01,32,15,7.74,BR,2021-12-08 18:56:57
488,Morehead,37.2711,-87.1764,48.15,42,1,4.0,US,2021-12-08 18:52:34
489,Hobbs,32.7026,-103.136,70.47,18,1,8.01,US,2021-12-08 18:56:57
490,Poya,-21.35,165.15,78.55,83,0,3.27,NC,2021-12-08 18:56:58
491,Hammerfest,70.6634,23.6821,19.85,63,0,14.97,NO,2021-12-08 18:56:58
492,Adre,13.4667,22.2,72.97,16,0,15.66,TD,2021-12-08 18:56:59
493,Auki,-8.7676,160.7034,77.85,90,100,5.12,SB,2021-12-08 18:56:59
494,Magadi,12.9667,77.2333,69.96,78,95,6.71,IN,2021-12-08 18:56:59
495,Brooks,50.5834,-111.8851,43.43,64,0,10.36,CA,2021-12-08 18:57:00
496,Awbari,26.5921,12.7805,52.21,24,68,10.76,LY,2021-12-08 18:57:00
497,Atocha,-20.9333,-66.2333,65.08,34,96,21.14,BO,2021-12-08 18:57:01
498,Ponta Delgada,37.7333,-25.6667,62.51,63,75,0.0,PT,2021-12-08 18:58:01
499,Morondava,-20.2833,44.2833,80.69,80,0,7.2,MG,2021-12-08 18:58:01
500,Nyimba,-14.5566,30.8149,85.59,28,6,10.71,ZM,2021-12-08 18:58:02
501,Magugu,-4.0167,35.7667,70.12,77,100,3.4,TZ,2021-12-08 18:58:02
502,Hereford,52.0568,-2.7148,43.65,82,100,11.01,GB,2021-12-08 18:58:02
503,Urusha,54.05,122.9,4.3,98,100,1.68,RU,2021-12-08 18:58:02
504,Northam,51.0333,-4.2167,46.62,66,100,28.1,GB,2021-12-08 18:58:03
505,Hovd,48.0056,91.6419,17.31,68,98,2.01,MN,2021-12-08 18:58:03
506,Mananjary,-21.2167,48.3333,75.92,83,32,6.2,MG,2021-12-08 18:58:03
507,Astoria,46.1879,-123.8313,46.85,89,100,1.99,US,2021-12-08 18:58:04
508,Kefar Tavor,32.6866,35.4212,59.7,68,88,17.11,IL,2021-12-08 18:58:04
509,Parana,-31.732,-60.5238,96.55,16,0,3.91,AR,2021-12-08 18:58:05
510,Kysyl-Syr,63.8986,122.7617,-20.22,99,100,3.6,RU,2021-12-08 18:58:05
511,Kalat,29.0225,66.5916,37.38,26,0,4.03,PK,2021-12-08 18:58:05
512,Najran,17.4924,44.1277,61.45,13,0,1.34,SA,2021-12-08 18:58:06
513,Batemans Bay,-35.7167,150.1833,62.2,95,100,4.18,AU,2021-12-08 18:56:03
514,Lakes Entrance,-37.8811,147.981,57.16,92,100,16.02,AU,2021-12-08 18:58:06
515,Cochrane,51.1834,-114.4687,42.04,52,1,21.85,CA,2021-12-08 18:58:06
516,Cassilandia,-19.1133,-51.7342,82.22,51,57,6.08,BR,2021-12-08 18:58:07
517,Yabrud,33.9674,36.6574,38.86,90,94,15.64,SY,2021-12-08 18:58:07
518,Baykit,61.67,96.37,-23.03,100,86,2.06,RU,2021-12-08 18:58:07
519,Vengurla,15.8667,73.6333,76.15,69,0,5.28,IN,2021-12-08 18:58:08
520,Tocopilla,-22.092,-70.1979,70.47,66,100,14.38,CL,2021-12-08 18:58:08
521,Lazaro Cardenas,17.9583,-102.2,84.94,58,75,5.77,MX,2021-12-08 18:58:08
522,Mao,39.8885,4.2658,52.36,50,0,12.66,ES,2021-12-08 18:58:09
523,Katiola,8.1333,-5.1,83.59,30,10,4.03,CI,2021-12-08 18:58:09
524,Te Anau,-45.4167,167.7167,53.89,84,98,3.06,NZ,2021-12-08 18:58:11
525,Gonbad-E Qabus,37.25,55.1672,67.15,34,55,8.08,IR,2021-12-08 18:58:11
526,Cairns,-16.9167,145.7667,78.06,90,40,3.44,AU,2021-12-08 18:58:11
527,Taltal,-25.4,-70.4833,66.74,72,67,9.42,CL,2021-12-08 18:57:19
528,Jiwani,25.05,61.7417,74.26,31,6,16.22,PK,2021-12-08 18:58:12
529,Luena,-11.7833,19.9167,65.82,79,7,0.36,AO,2021-12-08 18:58:12
530,Luwingu,-10.2621,29.9271,71.71,64,100,8.23,ZM,2021-12-08 18:58:12
531,Baoding,38.8511,115.4903,37.98,96,100,0.13,CN,2021-12-08 18:58:13
532,Taldan,53.6667,124.8,8.22,96,100,3.0,RU,2021-12-08 18:58:13
533,Tiarei,-17.5333,-149.3333,84.22,73,29,16.8,PF,2021-12-08 18:56:12
534,Kavaratti,10.5669,72.642,80.44,73,5,5.88,IN,2021-12-08 18:58:14
535,Dover,39.1582,-75.5244,42.17,59,90,3.44,US,2021-12-08 18:57:19
536,Colares,38.7992,-9.4469,57.29,72,20,1.01,PT,2021-12-08 18:56:09
537,Nioro,13.35,-15.75,87.33,15,100,5.35,GM,2021-12-08 18:58:14
538,Biak,-0.9131,122.8766,76.77,87,100,1.07,ID,2021-12-08 18:58:15
539,Tautira,-17.7333,-149.15,84.22,73,39,17.11,PF,2021-12-08 18:58:15
540,Lusambo,-4.9667,23.45,72.63,74,29,0.85,CD,2021-12-08 18:58:15
541,Christchurch,-43.5333,172.6333,61.95,91,90,6.91,NZ,2021-12-08 18:58:16
542,Port Blair,11.6667,92.75,79.39,74,74,14.88,IN,2021-12-08 18:58:16
543,Lubaczow,50.157,23.1234,23.52,97,75,5.99,PL,2021-12-08 18:56:54
544,Montepuez,-13.1256,38.9997,75.09,68,2,7.72,MZ,2021-12-08 18:59:16
545,Borisoglebsk,51.3671,42.0849,37.35,86,100,11.18,RU,2021-12-08 18:59:17
546,General Pico,-35.6566,-63.7568,75.99,52,98,3.18,AR,2021-12-08 18:59:17
