City_ID,City,Lat,Lng,Max Temp,Humidity,Cloudiness,Wind Speed,Country,Date,Current Weather Description
0,Albany,42.6001,-73.9662,45.09,64,100,1.01,US,2021-12-10 18:40:50,overcast clouds
1,Northam,51.0333,-4.2167,45.61,72,14,18.3,GB,2021-12-10 18:40:27,few clouds
2,Bambous Virieux,-20.3428,57.7575,78.22,78,40,5.75,MU,2021-12-10 18:31:47,scattered clouds
3,Metro,-5.1131,105.3067,73.6,97,100,7.31,ID,2021-12-10 18:41:27,overcast clouds
4,Ponta Do Sol,32.6667,-17.1,66.7,77,26,9.78,PT,2021-12-10 18:40:54,scattered clouds
5,Rikitea,-23.1203,-134.9692,76.1,70,23,17.29,PF,2021-12-10 18:40:49,few clouds
6,Beloha,-25.1667,45.05,75.13,81,52,8.46,MG,2021-12-10 18:36:01,broken clouds
7,Butaritari,3.0707,172.7902,82.11,76,100,13.42,KI,2021-12-10 18:41:04,light rain
8,Lodwar,3.1191,35.5973,83.7,44,65,24.27,KE,2021-12-10 18:41:28,broken clouds
9,Puerto Ayora,-0.7393,-90.3518,76.96,92,96,5.01,EC,2021-12-10 18:37:29,overcast clouds
10,Namibe,-15.1961,12.1522,71.89,68,6,11.43,AO,2021-12-10 18:41:28,clear sky
11,Ushuaia,-54.8,-68.3,55.06,58,40,11.5,AR,2021-12-10 18:40:50,scattered clouds
12,Ribeira Grande,38.5167,-28.7,63.0,88,40,5.75,PT,2021-12-10 18:41:29,scattered clouds
13,Mar Del Plata,-38.0023,-57.5575,69.82,85,75,24.0,AR,2021-12-10 18:36:27,light rain
14,Tiznit,29.5833,-9.5,60.26,38,0,1.88,MA,2021-12-10 18:41:29,clear sky
15,Cabo San Lucas,22.8909,-109.9124,82.51,56,84,4.0,MX,2021-12-10 18:40:50,broken clouds
16,Avarua,-21.2078,-159.775,78.85,83,100,2.3,CK,2021-12-10 18:41:29,overcast clouds
17,Caravelas,-17.7125,-39.2481,73.29,88,100,4.83,BR,2021-12-10 18:38:15,overcast clouds
18,Queimadas,-10.9783,-39.6264,90.09,44,26,10.4,BR,2021-12-10 18:41:30,scattered clouds
19,Eyl,7.9803,49.8164,76.03,71,6,19.73,SO,2021-12-10 18:39:20,clear sky
20,Arraial Do Cabo,-22.9661,-42.0278,80.56,65,20,12.66,BR,2021-12-10 18:40:46,few clouds
21,Tuktoyaktuk,69.4541,-133.0374,-9.4,84,40,0.0,CA,2021-12-10 18:41:03,scattered clouds
22,Hermanus,-34.4187,19.2345,65.89,90,19,11.12,ZA,2021-12-10 18:41:04,few clouds
23,Port Elizabeth,-33.918,25.5701,73.69,83,0,5.75,ZA,2021-12-10 18:41:31,clear sky
24,Saint-Augustin,51.226,-58.6502,18.75,46,0,12.03,CA,2021-12-10 18:35:20,clear sky
25,Barrow,71.2906,-156.7887,-2.18,84,90,5.75,US,2021-12-10 18:40:52,overcast clouds
26,Khorramshahr,30.4397,48.1664,60.76,59,99,6.91,IR,2021-12-10 18:41:32,overcast clouds
27,Cairns,-16.9167,145.7667,74.1,96,69,0.0,AU,2021-12-10 18:38:26,broken clouds
28,Watertown,42.3709,-71.1828,47.34,68,75,1.99,US,2021-12-10 18:41:32,broken clouds
29,Cape Town,-33.9258,18.4232,70.09,74,75,5.01,ZA,2021-12-10 18:37:50,broken clouds
30,Karmala,18.4167,75.2,76.42,48,100,5.61,IN,2021-12-10 18:41:32,overcast clouds
31,Srednekolymsk,67.45,153.6833,-48.87,100,66,2.57,RU,2021-12-10 18:41:33,broken clouds
32,Punta Arenas,-53.15,-70.9167,60.82,51,0,13.8,CL,2021-12-10 18:37:24,clear sky
33,Clyde River,70.4692,-68.5914,-9.17,84,20,3.44,CA,2021-12-10 18:36:44,few clouds
34,Esperance,-33.8667,121.9,58.84,81,2,13.02,AU,2021-12-10 18:41:33,clear sky
35,San Patricio,28.017,-97.5169,89.69,53,5,23.62,US,2021-12-10 18:41:34,clear sky
36,Udachnyy,66.4167,112.4,-12.95,95,100,15.59,RU,2021-12-10 18:41:34,overcast clouds
37,Port Alfred,-33.5906,26.891,73.92,86,45,10.31,ZA,2021-12-10 18:40:55,scattered clouds
38,Upernavik,72.7868,-56.1549,0.73,85,94,7.05,GL,2021-12-10 18:40:51,overcast clouds
39,Nikolskoye,59.7035,30.7861,13.8,81,100,10.89,RU,2021-12-10 18:41:34,overcast clouds
40,Qaanaaq,77.484,-69.3632,-1.17,76,81,6.64,GL,2021-12-10 18:41:35,broken clouds
41,Wuwei,37.9281,102.6414,27.18,58,100,0.94,CN,2021-12-10 18:41:35,overcast clouds
42,Ixtapa,20.7,-105.2,81.63,42,40,2.3,MX,2021-12-10 18:41:35,scattered clouds
43,Poum,-20.2333,164.0167,81.66,78,100,13.62,NC,2021-12-10 18:37:58,overcast clouds
44,Abha,18.2164,42.5053,55.22,14,0,6.91,SA,2021-12-10 18:39:19,clear sky
45,Itarema,-2.9248,-39.9167,85.39,61,45,14.43,BR,2021-12-10 18:32:09,scattered clouds
46,Yellowknife,62.456,-114.3525,-3.71,83,20,3.44,CA,2021-12-10 18:37:47,few clouds
47,Saskylakh,71.9167,114.0833,-11.18,97,100,8.86,RU,2021-12-10 18:37:13,overcast clouds
48,Saint-Philippe,-21.3585,55.7679,78.39,75,77,11.72,RE,2021-12-10 18:37:11,broken clouds
49,Sao Joao Da Barra,-21.6403,-41.0511,84.29,76,20,11.74,BR,2021-12-10 18:38:05,few clouds
50,Bar Harbor,44.3876,-68.2039,39.02,81,90,4.61,US,2021-12-10 18:41:05,mist
51,Upington,-28.4478,21.2561,88.18,19,20,5.75,ZA,2021-12-10 18:41:42,few clouds
52,Georgetown,5.4112,100.3354,79.9,86,20,1.99,MY,2021-12-10 18:39:09,few clouds
53,Flinders,-34.5833,150.8552,60.21,78,100,17.43,AU,2021-12-10 18:41:43,overcast clouds
54,Kapaa,22.0752,-159.319,75.18,80,90,1.01,US,2021-12-10 18:40:54,light rain
55,Camana,-16.6228,-72.7111,71.56,68,72,8.05,PE,2021-12-10 18:41:43,broken clouds
56,Hobart,-42.8794,147.3294,53.46,85,90,1.99,AU,2021-12-10 18:40:07,overcast clouds
57,Iqaluit,63.7506,-68.5145,2.93,72,40,13.8,CA,2021-12-10 18:41:43,scattered clouds
58,Tasiilaq,65.6145,-37.6368,28.99,87,100,26.93,GL,2021-12-10 18:41:44,overcast clouds
59,Troitsko-Pechorsk,62.7084,56.1964,12.97,89,86,9.4,RU,2021-12-10 18:41:44,overcast clouds
60,Kyra,49.5776,111.9753,7.68,72,100,4.79,RU,2021-12-10 18:41:45,overcast clouds
61,Hasaki,35.7333,140.8333,35.89,72,0,8.84,JP,2021-12-10 18:32:01,clear sky
62,Bluff,-46.6,168.3333,55.8,80,100,9.55,NZ,2021-12-10 18:40:50,overcast clouds
63,Ferkessedougou,9.6,-5.2,82.72,14,95,4.27,CI,2021-12-10 18:41:45,overcast clouds
64,Portland,45.5234,-122.6762,44.62,91,90,1.99,US,2021-12-10 18:39:55,overcast clouds
65,Port Lincoln,-34.7333,135.8667,56.59,83,8,12.21,AU,2021-12-10 18:38:26,clear sky
66,Ekibastuz,51.6667,75.3667,14.49,69,16,7.18,KZ,2021-12-10 18:41:46,few clouds
67,Cradock,-32.1642,25.6192,71.89,60,100,13.13,ZA,2021-12-10 18:41:46,light rain
68,Kingsland,30.8,-81.6898,80.73,79,95,4.16,US,2021-12-10 18:41:46,overcast clouds
69,Khandyga,62.6667,135.6,-9.45,99,100,2.33,RU,2021-12-10 18:36:09,overcast clouds
70,Malanje,-9.5402,16.341,66.22,96,100,2.35,AO,2021-12-10 18:41:47,light rain
71,Mataura,-46.1927,168.8643,55.47,88,100,2.35,NZ,2021-12-10 18:40:53,overcast clouds
72,Bodden Town,19.2833,-81.25,84.2,73,40,7.0,KY,2021-12-10 18:41:47,scattered clouds
73,Vaini,-21.2,-175.2,77.16,88,20,6.91,TO,2021-12-10 18:41:10,few clouds
74,Mahebourg,-20.4081,57.7,78.26,78,40,5.75,MU,2021-12-10 18:31:59,scattered clouds
75,Dikson,73.5069,80.5464,-22.16,89,100,3.65,RU,2021-12-10 18:41:48,overcast clouds
76,Carnarvon,-24.8667,113.6333,71.67,73,0,19.57,AU,2021-12-10 18:37:37,clear sky
77,Chapais,49.7834,-74.8492,15.58,94,100,9.8,CA,2021-12-10 18:32:29,light snow
78,Vallenar,-28.5708,-70.7581,77.45,33,0,11.54,CL,2021-12-10 18:32:23,clear sky
79,Kapoeta,4.7717,33.5903,88.43,28,7,14.9,SS,2021-12-10 18:41:49,clear sky
80,East Hampton,37.0374,-76.3316,55.47,81,90,1.01,US,2021-12-10 18:41:49,overcast clouds
81,Iracoubo,5.4802,-53.2011,78.24,88,100,8.93,GF,2021-12-10 18:41:49,overcast clouds
82,Busselton,-33.65,115.3333,56.08,86,34,5.01,AU,2021-12-10 18:40:49,scattered clouds
83,Fortuna,40.5982,-124.1573,47.98,67,45,1.01,US,2021-12-10 18:37:35,scattered clouds
84,Pangnirtung,66.1451,-65.7125,3.2,85,90,10.36,CA,2021-12-10 18:41:50,light snow
85,Faanui,-16.4833,-151.75,81.43,68,13,15.59,PF,2021-12-10 18:37:23,few clouds
86,Guerrero Negro,27.9769,-114.0611,64.78,65,97,16.73,MX,2021-12-10 18:37:19,overcast clouds
87,Libertador General San Martin,-23.8064,-64.7876,95.97,31,78,6.17,AR,2021-12-10 18:41:50,broken clouds
88,College,64.8569,-147.8028,12.15,83,75,6.91,US,2021-12-10 18:41:51,light snow
89,Karakol,42.4907,78.3936,16.86,54,5,7.56,KG,2021-12-10 18:41:51,clear sky
90,Paamiut,61.994,-49.6678,19.74,87,100,9.86,GL,2021-12-10 18:35:19,overcast clouds
91,Ayagoz,47.9714,80.4392,0.28,77,0,6.69,KZ,2021-12-10 18:41:56,clear sky
92,Nanortalik,60.1432,-45.2371,27.59,81,100,8.99,GL,2021-12-10 18:37:36,overcast clouds
93,Owando,-0.4819,15.8999,75.78,81,100,2.89,CG,2021-12-10 18:41:57,light rain
94,Jamestown,42.097,-79.2353,53.29,70,1,9.22,US,2021-12-10 18:38:31,clear sky
95,Dingle,10.9995,122.6711,76.15,94,100,10.8,PH,2021-12-10 18:32:27,overcast clouds
96,Ulladulla,-35.35,150.4667,59.09,71,84,18.32,AU,2021-12-10 18:36:18,light rain
97,Bredasdorp,-34.5322,20.0403,67.32,83,56,2.3,ZA,2021-12-10 18:37:22,broken clouds
98,Tura,25.5198,90.2201,60.21,55,0,2.59,IN,2021-12-10 18:41:58,clear sky
99,Provideniya,64.3833,-173.3,-8.21,89,9,10.69,RU,2021-12-10 18:37:20,clear sky
100,Tukrah,32.5341,20.5791,61.36,54,63,6.85,LY,2021-12-10 18:41:58,broken clouds
101,New Norfolk,-42.7826,147.0587,53.1,78,100,1.01,AU,2021-12-10 18:41:02,overcast clouds
102,East London,-33.0153,27.9116,76.14,78,75,6.91,ZA,2021-12-10 18:38:15,thunderstorm
103,Dunedin,-45.8742,170.5036,53.8,91,100,5.99,NZ,2021-12-10 18:41:59,light rain
104,Bandarbeyla,9.4942,50.8122,76.71,73,4,19.1,SO,2021-12-10 18:41:59,clear sky
105,Meadow Lake,34.8014,-106.5436,50.68,42,70,30.85,US,2021-12-10 18:32:52,broken clouds
106,Airai,-8.9266,125.4092,61.12,90,68,0.74,TL,2021-12-10 18:41:59,broken clouds
107,Skjervoy,70.0311,20.9714,30.2,65,100,9.6,NO,2021-12-10 18:39:10,overcast clouds
108,Ankpa,7.3706,7.6253,79.3,22,69,2.08,NG,2021-12-10 18:42:00,broken clouds
109,Lavrentiya,65.5833,-171.0,-11.96,83,59,8.86,RU,2021-12-10 18:35:56,broken clouds
110,Egvekinot,66.3167,-179.1667,-20.99,81,24,6.8,RU,2021-12-10 18:37:24,few clouds
111,Castro,-24.7911,-50.0119,77.85,38,0,6.29,BR,2021-12-10 18:42:00,clear sky
112,Khatanga,71.9667,102.5,-35.95,100,100,5.59,RU,2021-12-10 18:42:01,overcast clouds
113,Kiama,-34.6833,150.8667,59.45,77,100,5.99,AU,2021-12-10 18:32:44,overcast clouds
114,Maniitsoq,65.4167,-52.9,21.16,57,14,4.99,GL,2021-12-10 18:42:01,few clouds
115,Kruisfontein,-34.0033,24.7314,70.88,88,6,2.19,ZA,2021-12-10 18:37:59,clear sky
116,Praya,14.9215,-23.5087,75.74,64,49,20.71,CV,2021-12-10 18:32:28,scattered clouds
117,Ziro,27.6333,93.8333,39.38,91,6,2.75,IN,2021-12-10 18:42:02,clear sky
118,High Level,58.5169,-117.136,-12.89,84,75,0.0,CA,2021-12-10 18:38:36,broken clouds
119,Mangan,27.5167,88.5333,52.2,58,1,7.0,IN,2021-12-10 18:42:02,clear sky
120,Korla,41.7597,86.1469,22.59,63,0,1.95,CN,2021-12-10 18:42:03,clear sky
121,Hvide Sande,56.0045,8.1294,36.0,76,100,6.78,DK,2021-12-10 18:42:03,overcast clouds
122,Tessalit,20.1986,1.0114,72.66,7,100,9.04,ML,2021-12-10 18:39:33,overcast clouds
123,Russell,32.3502,-85.1999,67.05,93,90,0.0,US,2021-12-10 18:36:27,overcast clouds
124,Lamu,-2.2717,40.902,82.62,79,3,11.07,KE,2021-12-10 18:42:05,clear sky
125,Chudovo,59.1167,31.6833,19.22,76,100,10.69,RU,2021-12-10 18:42:05,overcast clouds
126,Finschhafen,-6.6024,147.8681,80.26,82,84,6.11,PG,2021-12-10 18:42:05,broken clouds
127,Nouadhibou,20.931,-17.0347,71.58,60,61,10.36,MR,2021-12-10 18:42:05,broken clouds
128,Villa Maria,-32.4075,-63.2402,82.44,39,27,9.71,AR,2021-12-10 18:37:16,scattered clouds
129,Chokurdakh,70.6333,147.9167,-47.04,100,70,3.36,RU,2021-12-10 18:42:06,broken clouds
130,Saint George,37.1041,-113.5841,46.94,44,1,1.99,US,2021-12-10 18:42:06,clear sky
131,Lunglei,22.8833,92.7333,56.82,95,3,2.55,IN,2021-12-10 18:40:00,clear sky
132,Komsomolskiy,40.4272,71.7189,33.22,69,74,4.61,UZ,2021-12-10 18:42:07,haze
133,Hilo,19.7297,-155.09,75.61,43,75,0.0,US,2021-12-10 18:40:55,broken clouds
134,Severo-Kurilsk,50.6789,156.125,31.98,84,13,2.17,RU,2021-12-10 18:37:28,few clouds
135,Zverinogolovskoye,54.4586,64.8542,11.05,89,100,4.07,RU,2021-12-10 18:42:07,overcast clouds
136,Graaff-Reinet,-32.2522,24.5308,78.93,48,87,12.1,ZA,2021-12-10 18:42:08,light rain
137,Marzuq,14.4,46.4667,58.71,35,0,2.59,YE,2021-12-10 18:42:08,clear sky
138,Mungaa,-4.9667,34.8833,71.73,47,89,8.52,TZ,2021-12-10 18:42:13,overcast clouds
139,Melnikovo,56.5558,84.085,12.16,93,100,10.22,RU,2021-12-10 18:42:15,overcast clouds
140,Rocha,-34.4833,-54.3333,74.71,47,94,13.82,UY,2021-12-10 18:37:26,overcast clouds
141,Salalah,17.0151,54.0924,80.69,24,0,10.36,OM,2021-12-10 18:42:15,clear sky
142,Joao Neiva,-19.7575,-40.3856,81.41,73,66,6.55,BR,2021-12-10 18:42:15,broken clouds
143,Shaoxing,30.011,120.5715,48.15,81,0,2.26,CN,2021-12-10 18:42:16,clear sky
144,Kodiak,57.79,-152.4072,27.91,54,75,20.71,US,2021-12-10 18:41:04,broken clouds
145,Broken Hill,-31.95,141.4333,55.11,47,0,5.75,AU,2021-12-10 18:42:17,clear sky
146,Villa Carlos Paz,-31.4241,-64.4978,69.89,40,89,5.01,AR,2021-12-10 18:41:33,overcast clouds
147,Rio Grande,-32.035,-52.0986,75.31,64,91,11.39,BR,2021-12-10 18:42:18,overcast clouds
148,Kavieng,-2.5744,150.7967,82.36,80,100,12.88,PG,2021-12-10 18:41:03,moderate rain
149,Nabha,30.3747,76.1486,55.71,49,0,5.86,IN,2021-12-10 18:42:19,clear sky
150,Odweyne,9.4092,45.064,60.85,73,37,11.45,SO,2021-12-10 18:42:19,scattered clouds
151,Kaitangata,-46.2817,169.8464,57.92,77,100,3.62,NZ,2021-12-10 18:42:20,overcast clouds
152,Xingyi,24.1877,102.817,48.25,96,0,3.09,CN,2021-12-10 18:42:20,clear sky
153,Lorengau,-2.0226,147.2712,83.21,83,100,17.69,PG,2021-12-10 18:42:20,overcast clouds
154,Puerto Colombia,10.9878,-74.9547,86.09,73,13,22.01,CO,2021-12-10 18:42:21,few clouds
155,Margate,51.3813,1.3862,42.96,78,12,7.0,GB,2021-12-10 18:38:46,few clouds
156,Jumla,29.2747,82.1838,33.96,37,0,5.41,NP,2021-12-10 18:37:03,clear sky
157,Atuona,-9.8,-139.0333,78.1,72,8,13.8,PF,2021-12-10 18:36:47,clear sky
158,Katsuura,35.1333,140.3,44.71,79,0,5.77,JP,2021-12-10 18:42:21,clear sky
159,Alihe,50.5667,123.7167,14.67,90,100,2.75,CN,2021-12-10 18:42:22,overcast clouds
160,Lompoc,34.6391,-120.4579,61.57,63,1,9.22,US,2021-12-10 18:37:53,clear sky
161,Zhizdra,53.746,34.7395,33.94,93,100,12.35,RU,2021-12-10 18:42:22,overcast clouds
162,Robertsport,6.7533,-11.3686,81.5,79,65,8.46,LR,2021-12-10 18:42:22,light rain
163,Krasnoselkup,65.7,82.4667,3.49,96,100,19.71,RU,2021-12-10 18:42:23,light snow
164,Longyearbyen,78.2186,15.6401,28.24,74,40,12.66,SJ,2021-12-10 18:40:30,scattered clouds
165,Pisco,-13.7,-76.2167,74.01,73,75,10.36,PE,2021-12-10 18:39:10,broken clouds
166,Tilichiki,60.4667,166.1,-15.02,88,100,8.55,RU,2021-12-10 18:38:27,overcast clouds
167,Aklavik,68.2191,-135.0107,-1.37,77,75,6.91,CA,2021-12-10 18:38:17,broken clouds
168,Phuket,8.0,98.25,75.42,94,20,1.14,TH,2021-12-10 18:42:23,few clouds
169,Stornoway,58.2093,-6.3865,35.56,93,20,5.75,GB,2021-12-10 18:42:24,few clouds
170,Goderich,43.7501,-81.7165,41.2,81,100,3.44,CA,2021-12-10 18:42:25,overcast clouds
171,Cidreira,-30.1811,-50.2056,70.77,60,16,8.95,BR,2021-12-10 18:42:26,few clouds
172,Sri Aman,1.2376,111.4621,77.09,94,99,0.0,MY,2021-12-10 18:42:26,overcast clouds
173,Praia,14.9215,-23.5087,75.74,64,49,20.71,CV,2021-12-10 18:42:27,scattered clouds
174,Tiksi,71.6872,128.8694,-4.97,93,100,10.42,RU,2021-12-10 18:42:27,overcast clouds
175,Coquimbo,-29.9533,-71.3436,64.13,72,90,12.66,CL,2021-12-10 18:32:29,overcast clouds
176,Narsaq,60.9167,-46.05,35.82,63,100,8.77,GL,2021-12-10 18:42:27,overcast clouds
177,Thompson,55.7435,-97.8558,10.56,79,75,6.91,CA,2021-12-10 18:42:28,light snow
178,Payo,-3.7508,103.6372,73.06,99,100,1.36,ID,2021-12-10 18:42:28,overcast clouds
179,Alice Springs,-23.7,133.8833,63.95,32,0,6.91,AU,2021-12-10 18:42:28,clear sky
180,Mirnyy,62.5353,113.9611,-4.9,96,100,6.93,RU,2021-12-10 18:42:29,overcast clouds
181,Rovaniemi,66.5,25.7167,17.01,86,90,9.22,FI,2021-12-10 18:42:29,light shower snow
182,Klaksvik,62.2266,-6.589,34.72,73,41,15.01,FO,2021-12-10 18:38:11,scattered clouds
183,Campos Altos,-19.6961,-46.1714,81.39,42,13,0.96,BR,2021-12-10 18:42:35,few clouds
184,Patacamaya,-17.2333,-67.9167,56.03,54,98,5.53,BO,2021-12-10 18:42:35,overcast clouds
185,Andenes,69.3143,16.1194,30.18,80,0,6.91,NO,2021-12-10 18:42:35,clear sky
186,Bireun,5.203,96.7009,78.31,84,84,5.17,ID,2021-12-10 18:42:37,broken clouds
187,Uvelskiy,54.4446,61.3574,12.83,90,100,1.79,RU,2021-12-10 18:42:37,overcast clouds
188,Bushehr,28.9684,50.8385,69.89,64,100,11.5,IR,2021-12-10 18:42:37,overcast clouds
189,Andzhiyevskiy,44.23,43.08,35.67,93,1,4.47,RU,2021-12-10 18:42:38,mist
190,Madruga,22.9114,-81.8561,83.34,45,4,11.48,CU,2021-12-10 18:42:38,clear sky
191,Pocone,-16.2567,-56.6228,93.34,43,100,7.11,BR,2021-12-10 18:42:38,overcast clouds
192,Biak,-0.9131,122.8766,77.49,78,100,3.36,ID,2021-12-10 18:42:38,overcast clouds
193,Ancud,-41.8697,-73.8203,70.43,64,100,10.11,CL,2021-12-10 18:42:39,overcast clouds
194,Osoyoos,49.0331,-119.4524,34.99,80,88,2.3,CA,2021-12-10 18:42:39,overcast clouds
195,Katherine,-14.4667,132.2667,79.12,69,62,3.44,AU,2021-12-10 18:42:39,broken clouds
196,Norman Wells,65.282,-126.8329,-0.36,78,20,9.22,CA,2021-12-10 18:42:40,few clouds
197,Richards Bay,-28.783,32.0377,75.97,88,30,11.99,ZA,2021-12-10 18:42:40,scattered clouds
198,Muros,42.7762,-9.0603,55.24,89,38,4.45,ES,2021-12-10 18:42:40,scattered clouds
199,Eha Amufu,6.6592,7.7596,81.95,23,98,1.86,NG,2021-12-10 18:42:41,overcast clouds
200,Deputatskiy,69.3,139.9,-21.57,96,100,2.08,RU,2021-12-10 18:40:27,overcast clouds
201,Victoria,22.2855,114.1577,70.25,76,100,1.01,HK,2021-12-10 18:38:24,overcast clouds
202,Havre-Saint-Pierre,50.2334,-63.5986,19.99,53,1,4.61,CA,2021-12-10 18:42:42,clear sky
203,Zonguldak,41.25,31.8333,49.3,62,100,6.6,TR,2021-12-10 18:42:42,overcast clouds
204,Arlit,18.7369,7.3853,69.71,10,67,9.93,NE,2021-12-10 18:42:42,broken clouds
205,Vardo,70.3705,31.1107,24.78,80,0,25.32,NO,2021-12-10 18:42:43,clear sky
206,Cockburn Town,21.4612,-71.1419,75.16,83,40,17.27,TC,2021-12-10 18:42:43,light intensity drizzle
207,Shima,24.4478,117.8111,67.21,75,81,1.16,CN,2021-12-10 18:42:43,broken clouds
208,Souillac,-20.5167,57.5167,78.37,78,40,5.75,MU,2021-12-10 18:42:44,scattered clouds
209,Agua Verde,22.9,-106.05,78.13,49,100,6.2,MX,2021-12-10 18:42:44,overcast clouds
210,Ahipara,-35.1667,173.1667,66.25,91,100,5.3,NZ,2021-12-10 18:36:30,light rain
211,Bousso,10.4795,16.7117,81.14,18,9,4.61,TD,2021-12-10 18:42:44,clear sky
212,Tromso,69.6496,18.957,32.02,59,20,14.97,NO,2021-12-10 18:42:45,few clouds
213,Atikokan,48.7555,-91.6216,26.85,82,100,6.4,CA,2021-12-10 18:42:45,overcast clouds
214,Sol-Iletsk,51.1631,54.9918,24.49,84,100,11.3,RU,2021-12-10 18:37:39,overcast clouds
215,Touros,-5.1989,-35.4608,88.7,67,7,14.67,BR,2021-12-10 18:37:06,clear sky
216,Trincomalee,8.5711,81.2335,81.14,77,79,11.3,LK,2021-12-10 18:42:46,broken clouds
217,Kiunga,-6.1219,141.2906,73.67,100,100,1.03,PG,2021-12-10 18:42:47,overcast clouds
218,Abu Dhabi,24.4667,54.3667,73.96,60,100,10.07,AE,2021-12-10 18:40:26,overcast clouds
219,Bilma,18.6853,12.9164,66.63,9,84,11.61,NE,2021-12-10 18:37:57,broken clouds
220,Port Hardy,50.6996,-127.4199,45.75,93,90,10.36,CA,2021-12-10 18:36:28,moderate rain
221,Neryungri,56.6709,124.6491,-15.45,96,100,0.92,RU,2021-12-10 18:42:48,overcast clouds
222,Jabinyanah,35.035,10.9081,58.8,51,100,23.78,TN,2021-12-10 18:42:48,overcast clouds
223,Chuy,-33.6971,-53.4616,71.1,57,56,10.56,UY,2021-12-10 18:42:48,broken clouds
224,Bako,5.7833,36.5667,70.16,31,5,3.6,ET,2021-12-10 18:42:49,clear sky
225,Hithadhoo,-0.6,73.0833,81.21,79,84,8.93,MV,2021-12-10 18:37:50,moderate rain
226,Tecoanapa,16.5167,-98.75,84.81,68,47,10.38,MX,2021-12-10 18:42:49,scattered clouds
227,Porto Walter,-8.2686,-72.7439,76.93,88,99,3.74,BR,2021-12-10 18:42:49,light rain
228,Pauini,-7.7136,-66.9764,74.66,96,100,2.28,BR,2021-12-10 18:42:50,overcast clouds
229,Lakselv,70.0513,24.9718,23.76,68,75,21.85,NO,2021-12-10 18:42:55,broken clouds
230,Calabozo,8.9242,-67.4293,95.58,29,100,8.39,VE,2021-12-10 18:42:56,overcast clouds
231,Vanimo,-2.6741,141.3028,79.45,90,100,8.32,PG,2021-12-10 18:38:34,overcast clouds
232,Fort Nelson,58.8053,-122.7002,-2.61,84,75,3.44,CA,2021-12-10 18:37:00,broken clouds
233,Gazanjyk,39.2446,55.5154,50.5,75,9,3.4,TM,2021-12-10 18:42:56,clear sky
234,Alofi,-19.0595,-169.9187,75.09,83,90,4.61,NU,2021-12-10 18:42:57,light rain
235,Vila Franca Do Campo,37.7167,-25.4333,64.2,71,99,5.44,PT,2021-12-10 18:42:57,overcast clouds
236,Vostok,46.4856,135.8833,26.56,99,100,3.02,RU,2021-12-10 18:42:57,light snow
237,Novokizhinginsk,51.6115,109.5917,9.25,88,97,10.45,RU,2021-12-10 18:42:58,overcast clouds
238,Saldanha,-33.0117,17.9442,66.25,91,17,7.92,ZA,2021-12-10 18:40:19,few clouds
239,Bemidji,47.4736,-94.8803,28.56,74,1,0.0,US,2021-12-10 18:42:58,clear sky
240,Afua,-0.1567,-50.3867,85.37,69,98,8.97,BR,2021-12-10 18:42:58,light rain
241,Ziniare,12.5822,-1.2983,82.44,11,100,8.99,BF,2021-12-10 18:42:59,overcast clouds
242,Laguna,38.421,-121.4238,55.87,69,1,1.99,US,2021-12-10 18:42:59,clear sky
243,Reinosa,42.9996,-4.138,46.06,96,100,5.99,ES,2021-12-10 18:42:59,overcast clouds
244,Slonim,53.0867,25.3219,36.88,98,100,10.22,BY,2021-12-10 18:43:00,overcast clouds
245,Harper,4.375,-7.7169,80.76,80,31,8.77,LR,2021-12-10 18:43:00,scattered clouds
246,Los Llanos De Aridane,28.6585,-17.9182,64.15,69,75,17.0,ES,2021-12-10 18:43:00,broken clouds
247,Suket,24.65,76.0333,59.85,47,17,5.32,IN,2021-12-10 18:43:01,few clouds
248,Pruszkow,52.1707,20.8121,35.11,94,75,5.75,PL,2021-12-10 18:43:01,broken clouds
249,Puerto Leguizamo,-0.1934,-74.7819,84.22,71,100,0.78,CO,2021-12-10 18:43:01,overcast clouds
250,Rio Das Ostras,-22.5269,-41.945,80.64,78,41,6.2,BR,2021-12-10 18:43:02,scattered clouds
251,Lebu,-37.6167,-73.65,62.08,74,7,10.11,CL,2021-12-10 18:38:04,clear sky
252,Belgrade,44.804,20.4651,40.69,92,75,1.01,RS,2021-12-10 18:40:36,broken clouds
253,Naze,28.3667,129.4833,62.8,64,6,8.16,JP,2021-12-10 18:43:02,clear sky
254,San Ramon,37.7799,-121.978,54.55,63,1,1.99,US,2021-12-10 18:41:32,clear sky
255,Bani Walid,31.7566,13.9942,54.1,31,0,11.5,LY,2021-12-10 18:43:03,clear sky
256,Bathsheba,13.2167,-59.5167,84.81,61,40,19.57,BB,2021-12-10 18:43:03,scattered clouds
257,Kieta,-6.2167,155.6333,79.56,85,100,4.65,PG,2021-12-10 18:43:04,light rain
258,Huarmey,-10.0681,-78.1522,71.55,76,100,9.84,PE,2021-12-10 18:43:04,overcast clouds
259,Solnechnyy,50.7214,136.6319,20.12,94,100,4.92,RU,2021-12-10 18:36:18,snow
260,Tuatapere,-46.1333,167.6833,55.81,81,98,2.35,NZ,2021-12-10 18:43:04,overcast clouds
261,Bengkulu,-3.8004,102.2655,75.0,94,100,2.51,ID,2021-12-10 18:43:05,overcast clouds
262,Gurupi,-11.7292,-49.0686,79.72,84,100,3.85,BR,2021-12-10 18:43:05,overcast clouds
263,Cherskiy,68.75,161.3,-39.23,96,98,4.45,RU,2021-12-10 18:43:05,overcast clouds
264,Ambilobe,-13.2,49.05,77.09,74,99,4.83,MG,2021-12-10 18:36:50,overcast clouds
265,Santa Cruz,-17.8,-63.1667,95.05,41,40,11.5,BO,2021-12-10 18:43:06,scattered clouds
266,Yumen,40.2833,97.2,21.83,66,100,21.56,CN,2021-12-10 18:43:06,overcast clouds
267,Saint Anthony,45.0205,-93.218,31.66,85,90,1.01,US,2021-12-10 18:38:42,snow
268,Yelnya,54.5786,33.1837,29.3,93,100,14.74,RU,2021-12-10 18:43:07,overcast clouds
269,Vanavara,60.34,102.2797,-11.67,97,60,6.04,RU,2021-12-10 18:43:07,broken clouds
270,Acarau,-2.8856,-40.12,85.48,61,56,16.17,BR,2021-12-10 18:36:47,broken clouds
271,Samarai,-10.6167,150.6667,81.46,79,100,14.83,PG,2021-12-10 18:43:07,overcast clouds
272,Pacific Grove,36.6177,-121.9166,56.37,71,1,1.01,US,2021-12-10 18:37:00,clear sky
273,Taoudenni,22.6783,-3.9836,68.85,21,92,9.64,ML,2021-12-10 18:38:36,overcast clouds
274,Mkushi,-13.6202,29.3939,73.69,43,65,5.14,ZM,2021-12-10 18:43:13,broken clouds
275,Oranjestad,12.524,-70.027,85.95,63,20,8.01,AW,2021-12-10 18:41:25,few clouds
276,Kichmengskiy Gorodok,59.9816,45.7854,-4.72,100,27,1.61,RU,2021-12-10 18:43:13,scattered clouds
277,Linqiong,30.4159,103.4609,49.82,88,100,3.65,CN,2021-12-10 18:43:14,overcast clouds
278,Codrington,-38.2667,141.9667,55.76,66,100,11.39,AU,2021-12-10 18:43:15,overcast clouds
279,Cap Malheureux,-19.9842,57.6142,78.48,69,86,3.0,MU,2021-12-10 18:38:44,overcast clouds
280,Anadyr,64.75,177.4833,-16.01,75,75,8.01,RU,2021-12-10 18:43:15,broken clouds
281,Carutapera,-1.195,-46.02,81.95,78,23,9.98,BR,2021-12-10 18:43:16,few clouds
282,Yar-Sale,66.8333,70.8333,13.8,96,100,6.53,RU,2021-12-10 18:35:58,light snow
283,Tautira,-17.7333,-149.15,86.02,66,64,12.21,PF,2021-12-10 18:43:16,broken clouds
284,San Jose,37.3394,-121.895,55.81,63,20,0.0,US,2021-12-10 18:38:57,few clouds
285,Nome,64.5011,-165.4064,-15.81,93,26,7.45,US,2021-12-10 18:43:17,scattered clouds
286,Grindavik,63.8424,-22.4338,32.47,74,0,6.91,IS,2021-12-10 18:43:17,clear sky
287,Banikoara,11.2985,2.4386,80.31,17,21,5.17,BJ,2021-12-10 18:43:17,few clouds
288,Manati,18.4275,-66.4921,87.1,81,27,15.84,PR,2021-12-10 18:43:18,scattered clouds
289,Sitka,57.0531,-135.33,39.09,65,75,27.63,US,2021-12-10 18:43:18,light rain
290,Sakakah,29.9697,40.2064,58.57,47,100,9.95,SA,2021-12-10 18:43:18,overcast clouds
291,Bereda,43.2686,-7.5406,51.91,97,98,3.24,ES,2021-12-10 18:43:19,overcast clouds
292,Poronaysk,49.2167,143.1167,23.34,89,100,5.03,RU,2021-12-10 18:37:33,overcast clouds
293,Ust-Kulom,61.6864,53.6902,0.39,98,89,7.29,RU,2021-12-10 18:37:17,overcast clouds
294,Banda Aceh,5.5577,95.3222,78.08,83,97,9.1,ID,2021-12-10 18:36:58,overcast clouds
295,Yerbogachen,61.2767,108.0108,-3.03,97,100,7.65,RU,2021-12-10 18:43:19,overcast clouds
296,Puerto Ayacucho,5.6639,-67.6236,91.18,51,97,8.66,VE,2021-12-10 18:43:20,overcast clouds
297,Ukiah,39.1502,-123.2078,52.63,73,1,2.13,US,2021-12-10 18:40:02,clear sky
298,Nizwa,22.9333,57.5333,65.03,35,9,2.71,OM,2021-12-10 18:43:20,clear sky
299,Flin Flon,54.7682,-101.865,15.64,79,75,9.22,CA,2021-12-10 18:35:35,broken clouds
300,Lata,40.1629,-8.3327,55.92,98,51,4.47,PT,2021-12-10 18:35:20,broken clouds
301,Bara,10.3744,10.7288,77.23,22,100,7.81,NG,2021-12-10 18:36:10,overcast clouds
302,Umm Lajj,25.0213,37.2685,77.4,54,100,5.77,SA,2021-12-10 18:43:21,overcast clouds
303,Ndele,8.4109,20.6473,79.05,20,11,5.17,CF,2021-12-10 18:37:33,few clouds
304,Matveyev Kurgan,47.5645,38.8695,43.56,93,93,9.82,RU,2021-12-10 18:43:21,overcast clouds
305,Xining,36.6167,101.7667,25.97,74,100,2.44,CN,2021-12-10 18:43:22,light snow
306,Malangali,-8.5667,34.85,69.28,60,80,12.26,TZ,2021-12-10 18:43:22,broken clouds
307,Mogadishu,2.0371,45.3438,78.8,77,36,20.49,SO,2021-12-10 18:42:43,scattered clouds
308,Virginia Beach,36.8529,-75.978,53.02,69,90,0.0,US,2021-12-10 18:40:29,overcast clouds
309,Premia De Mar,41.4921,2.3652,59.16,63,100,3.0,ES,2021-12-10 18:43:22,overcast clouds
310,Half Moon Bay,37.4636,-122.4286,55.45,66,1,3.44,US,2021-12-10 18:36:53,haze
311,Cervo,43.6702,-7.4101,55.96,82,100,13.8,ES,2021-12-10 18:43:23,overcast clouds
312,Grand-Santi,4.25,-54.3833,81.34,91,95,2.59,GF,2021-12-10 18:43:23,overcast clouds
313,Seymchan,62.8833,152.4333,-48.42,95,26,0.43,RU,2021-12-10 18:37:53,scattered clouds
314,Amapa,1.0,-52.0,79.57,95,100,3.83,BR,2021-12-10 18:43:25,overcast clouds
315,Talnakh,69.4865,88.3972,-23.8,98,97,8.59,RU,2021-12-10 18:43:25,overcast clouds
316,Dharmanagar,24.3667,92.1667,62.51,94,0,2.24,IN,2021-12-10 18:43:25,clear sky
317,Kudahuvadhoo,2.6708,72.8944,81.32,80,81,15.41,MV,2021-12-10 18:38:33,broken clouds
318,Coahuayana,18.7333,-103.6833,90.14,40,9,5.79,MX,2021-12-10 18:43:31,clear sky
319,Hirara,24.8,125.2833,72.68,56,24,16.67,JP,2021-12-10 18:43:31,few clouds
320,Doka,13.5167,35.7667,82.24,25,0,12.86,SD,2021-12-10 18:43:31,clear sky
321,Bani,18.2833,-70.3333,87.24,52,16,15.05,DO,2021-12-10 18:43:32,few clouds
322,Pendleton,45.6721,-118.7886,44.42,62,1,8.01,US,2021-12-10 18:40:43,clear sky
323,Vila,42.0304,-8.1588,44.33,87,91,1.88,PT,2021-12-10 18:43:32,overcast clouds
324,Quatre Cocos,-20.2078,57.7625,78.1,68,95,11.52,MU,2021-12-10 18:43:33,overcast clouds
325,Norsup,-16.0667,167.3833,81.82,81,59,10.45,VU,2021-12-10 18:43:33,broken clouds
326,Borazjan,29.2666,51.2159,69.13,66,100,1.88,IR,2021-12-10 18:43:33,overcast clouds
327,Pietarsaari,63.65,22.6833,23.9,87,100,1.99,FI,2021-12-10 18:43:33,light snow
328,Nyurba,63.2842,118.3319,-2.04,97,100,4.83,RU,2021-12-10 18:43:34,overcast clouds
329,Sao Filipe,14.8961,-24.4956,75.76,67,98,12.21,CV,2021-12-10 18:43:34,overcast clouds
330,La Ronge,55.1001,-105.2842,17.85,73,90,9.22,CA,2021-12-10 18:38:48,light snow
331,General Roca,-39.0333,-67.5833,91.62,18,0,8.25,AR,2021-12-10 18:43:35,clear sky
332,Khani,41.9563,42.9566,40.57,69,1,7.74,GE,2021-12-10 18:43:35,clear sky
333,Hamilton,39.1834,-84.5333,58.35,85,90,1.99,US,2021-12-10 18:39:15,haze
334,Avanigadda,16.0215,80.9181,73.36,91,0,5.32,IN,2021-12-10 18:43:35,light rain
335,Nishihara,26.1842,127.7558,67.28,74,75,3.44,JP,2021-12-10 18:43:36,broken clouds
336,Verkhnyaya Inta,65.9811,60.3094,5.61,94,100,17.92,RU,2021-12-10 18:43:36,light snow
337,Marawi,7.9986,124.2928,68.65,96,100,1.28,PH,2021-12-10 18:43:36,overcast clouds
338,Nagato,34.3833,131.2,48.11,77,100,4.05,JP,2021-12-10 18:43:37,overcast clouds
339,Taguatinga,-12.3857,-46.5711,80.67,80,100,4.5,BR,2021-12-10 18:43:37,overcast clouds
340,Stromness,58.965,-3.296,37.36,60,6,15.84,GB,2021-12-10 18:43:37,clear sky
341,Torbay,47.6666,-52.7314,28.58,74,20,18.41,CA,2021-12-10 18:41:07,few clouds
342,Zyryanovsk,49.7386,84.2719,-18.42,99,8,1.74,KZ,2021-12-10 18:43:38,clear sky
343,Taybad,34.74,60.7756,48.56,39,0,6.71,IR,2021-12-10 18:43:38,clear sky
344,Ishinomaki,38.4167,141.3,41.86,83,13,4.59,JP,2021-12-10 18:43:38,few clouds
345,Jablah,35.3614,35.9256,59.29,63,0,3.44,SY,2021-12-10 18:43:39,clear sky
346,Micheweni,-4.9667,39.8333,78.44,85,3,8.81,TZ,2021-12-10 18:43:39,moderate rain
347,Tevriz,57.509,72.4042,20.21,72,100,10.27,RU,2021-12-10 18:43:39,overcast clouds
348,Mildura,-34.2,142.15,55.36,58,6,6.91,AU,2021-12-10 18:36:16,clear sky
349,Byron Bay,-28.65,153.6167,64.29,72,0,11.23,AU,2021-12-10 18:43:40,clear sky
350,Tupik,54.4253,119.9327,-2.9,99,100,1.81,RU,2021-12-10 18:43:40,overcast clouds
351,Ilulissat,69.2167,-51.1,17.62,35,75,4.61,GL,2021-12-10 18:43:40,broken clouds
352,Yulara,-25.2406,130.9889,71.44,24,0,8.05,AU,2021-12-10 18:43:41,clear sky
353,Viedma,-40.8135,-62.9967,84.49,29,21,9.31,AR,2021-12-10 18:39:13,few clouds
354,Vao,-22.6667,167.4833,78.17,85,100,17.6,NC,2021-12-10 18:43:41,light rain
355,Inhambane,-23.865,35.3833,78.1,86,61,11.79,MZ,2021-12-10 18:38:29,broken clouds
356,Leningradskiy,69.3833,178.4167,-19.79,86,91,19.06,RU,2021-12-10 18:38:58,overcast clouds
357,Durres,41.3231,19.4414,42.98,76,98,16.26,AL,2021-12-10 18:40:16,overcast clouds
358,Verkhoyansk,67.5447,133.385,-36.81,98,95,1.54,RU,2021-12-10 18:43:42,overcast clouds
359,Bethel,41.3712,-73.414,52.65,64,75,1.01,US,2021-12-10 18:43:42,broken clouds
360,Gamba,-2.65,10.0,78.1,88,100,4.29,GA,2021-12-10 18:43:42,light rain
361,Saint-Pierre,-21.3393,55.4781,78.48,70,20,14.97,RE,2021-12-10 18:36:49,few clouds
362,Garowe,8.4054,48.4845,72.19,56,28,18.21,SO,2021-12-10 18:38:53,scattered clouds
363,Faridpur,23.6,89.8333,71.6,59,0,6.8,BD,2021-12-10 18:43:43,clear sky
364,Nuuk,64.1835,-51.7216,23.61,80,40,10.36,GL,2021-12-10 18:43:43,scattered clouds
365,Bonavista,48.6499,-53.1147,28.11,68,100,21.63,CA,2021-12-10 18:40:22,overcast clouds
366,Ankara,39.9199,32.8543,46.2,73,0,1.01,TR,2021-12-10 18:43:43,clear sky
367,Visby,57.6409,18.296,36.05,93,90,8.05,SE,2021-12-10 18:43:44,overcast clouds
368,Emerald,-23.5333,148.1667,69.94,61,40,6.91,AU,2021-12-10 18:43:49,scattered clouds
369,Todos Santos,23.45,-110.2167,82.0,69,100,11.36,MX,2021-12-10 18:43:50,overcast clouds
370,San Cristobal,7.7669,-72.225,71.78,59,88,1.03,VE,2021-12-10 18:38:43,overcast clouds
371,Sorland,67.667,12.6934,39.06,62,91,8.23,NO,2021-12-10 18:43:50,overcast clouds
372,Wonthaggi,-38.6044,145.5913,55.06,85,100,4.43,AU,2021-12-10 18:43:50,overcast clouds
373,Ankazoabo,-22.2833,44.5167,76.82,66,94,2.8,MG,2021-12-10 18:43:51,overcast clouds
374,Thinadhoo,0.5333,72.9333,80.85,81,100,9.48,MV,2021-12-10 18:35:41,overcast clouds
375,Palmas,-10.2128,-48.3603,85.87,66,20,5.75,BR,2021-12-10 18:43:51,few clouds
376,Mount Isa,-20.7333,139.5,69.57,18,0,5.75,AU,2021-12-10 18:43:52,clear sky
377,Mayo,38.8876,-76.5119,55.98,63,1,5.99,US,2021-12-10 18:43:52,clear sky
378,Gejiu,23.306,103.1635,45.79,95,53,3.83,CN,2021-12-10 18:43:52,broken clouds
379,Aldama,22.9167,-98.0667,83.5,58,100,14.03,MX,2021-12-10 18:43:53,overcast clouds
380,Saint-Louis,16.3333,-15.0,91.04,12,16,9.22,SN,2021-12-10 18:43:53,few clouds
381,Bonfim,3.0833,-59.95,93.15,53,100,3.74,BR,2021-12-10 18:43:53,overcast clouds
382,Mumford,5.2618,-0.759,81.21,84,10,10.16,GH,2021-12-10 18:38:00,clear sky
383,Corum,40.5,34.75,42.22,58,33,2.68,TR,2021-12-10 18:43:54,scattered clouds
384,Mehamn,71.0357,27.8492,30.38,68,0,6.91,NO,2021-12-10 18:37:39,clear sky
385,Auki,-8.7676,160.7034,78.35,89,100,5.12,SB,2021-12-10 18:43:54,overcast clouds
386,Tierralta,8.1736,-76.0592,87.37,67,97,4.34,CO,2021-12-10 18:43:54,overcast clouds
387,Saint Hubert,-20.3642,57.6383,76.86,78,40,5.75,MU,2021-12-10 18:43:55,scattered clouds
388,Manta,-0.95,-80.7333,82.18,69,40,4.61,EC,2021-12-10 18:36:56,scattered clouds
389,Gillette,44.2911,-105.5022,25.68,90,90,8.01,US,2021-12-10 18:43:55,light snow
390,Gizo,-8.103,156.8419,81.57,82,100,12.41,SB,2021-12-10 18:43:56,overcast clouds
391,Coos Bay,43.3665,-124.2179,47.14,97,75,11.5,US,2021-12-10 18:42:38,broken clouds
392,Vestmannaeyjar,63.4427,-20.2734,40.19,87,20,13.8,IS,2021-12-10 18:43:56,few clouds
393,Horodnytsya,50.807,27.3168,43.03,97,100,14.41,UA,2021-12-10 18:43:56,overcast clouds
394,Zhezkazgan,47.8043,67.7144,22.46,60,100,14.32,KZ,2021-12-10 18:38:15,overcast clouds
395,Labuhan,-6.8844,112.2051,78.28,87,100,6.8,ID,2021-12-10 18:43:57,overcast clouds
396,Salina,38.8403,-97.6114,71.19,29,1,14.97,US,2021-12-10 18:36:45,clear sky
397,Seoul,37.5683,126.9778,40.44,93,40,2.3,KR,2021-12-10 18:43:57,fog
398,Sanchor,24.7553,71.7722,65.61,27,0,9.62,IN,2021-12-10 18:43:57,clear sky
399,Mahanoro,-19.9,48.8,77.02,80,100,6.67,MG,2021-12-10 18:38:47,overcast clouds
400,Kingsville,27.5159,-97.8561,89.69,57,75,10.0,US,2021-12-10 18:43:58,broken clouds
401,Alto Paraguai,-14.5136,-56.4825,89.08,58,100,3.42,BR,2021-12-10 18:43:58,overcast clouds
402,Tabas,33.5959,56.9244,55.65,25,0,4.21,IR,2021-12-10 18:43:59,clear sky
403,Ishigaki,24.3448,124.1572,73.08,57,100,15.52,JP,2021-12-10 18:43:59,overcast clouds
404,Pokhara,28.2333,83.9833,54.05,45,0,5.57,NP,2021-12-10 18:39:02,clear sky
405,Tabou,4.423,-7.3528,80.92,80,11,8.63,CI,2021-12-10 18:37:01,few clouds
406,Ihiala,5.8538,6.8603,80.19,32,34,3.67,NG,2021-12-10 18:43:59,scattered clouds
407,Ust-Ishim,57.6935,71.1665,19.47,78,100,9.71,RU,2021-12-10 18:44:00,overcast clouds
408,Honiara,-9.4333,159.95,79.02,89,100,1.52,SB,2021-12-10 18:44:00,overcast clouds
409,Tomatlan,19.9333,-105.25,93.51,19,5,6.55,MX,2021-12-10 18:38:14,clear sky
410,Grand Gaube,-20.0064,57.6608,78.39,69,80,5.99,MU,2021-12-10 18:44:06,broken clouds
411,Linxia,35.6003,103.2064,30.52,54,100,2.66,CN,2021-12-10 18:38:13,overcast clouds
412,Bilibino,68.0546,166.4372,-34.13,99,98,1.45,RU,2021-12-10 18:37:24,overcast clouds
413,Kaeo,-35.1,173.7833,65.32,95,100,4.5,NZ,2021-12-10 18:44:07,overcast clouds
414,Ibra,22.6906,58.5334,62.58,59,49,0.78,OM,2021-12-10 18:44:07,scattered clouds
415,Kulhudhuffushi,6.6221,73.07,82.17,77,10,9.22,MV,2021-12-10 18:44:08,clear sky
416,Kamaishi,39.2667,141.8833,42.51,78,100,5.28,JP,2021-12-10 18:44:08,overcast clouds
417,Gravdal,68.1214,13.5031,35.49,64,40,4.61,NO,2021-12-10 18:44:08,scattered clouds
418,Felnac,46.1167,21.15,39.09,93,90,4.61,RO,2021-12-10 18:44:09,mist
419,Cheyenne,41.14,-104.8203,33.91,48,1,21.85,US,2021-12-10 18:42:45,clear sky
420,Kidal,18.4411,1.4078,73.31,7,100,10.92,ML,2021-12-10 18:39:29,overcast clouds
421,Okhotsk,59.3833,143.3,-12.77,86,1,9.8,RU,2021-12-10 18:39:15,clear sky
422,Sunndalsora,62.6754,8.5515,30.85,68,14,10.92,NO,2021-12-10 18:44:09,few clouds
423,Mandalgovi,45.7625,106.2708,10.27,53,67,10.4,MN,2021-12-10 18:35:39,broken clouds
424,Kirensk,57.7853,108.1119,2.46,93,100,6.35,RU,2021-12-10 18:44:10,overcast clouds
425,Pop,40.8736,71.1089,34.29,32,99,3.98,UZ,2021-12-10 18:44:10,overcast clouds
426,Ati,13.2154,18.3353,80.47,14,6,9.82,TD,2021-12-10 18:37:37,clear sky
427,Alyangula,-13.8483,136.4192,75.07,100,90,3.44,AU,2021-12-10 18:44:11,overcast clouds
428,Novikovo,51.1537,37.8879,34.21,81,99,11.07,RU,2021-12-10 18:44:11,overcast clouds
429,Anju,39.6178,125.6647,35.22,89,100,3.29,KP,2021-12-10 18:44:11,overcast clouds
430,Teguldet,57.3064,88.1667,8.49,92,100,8.68,RU,2021-12-10 18:44:12,overcast clouds
431,Yebaishou,41.3975,119.6408,28.9,49,100,3.85,CN,2021-12-10 18:44:12,overcast clouds
432,Juneau,58.3019,-134.4197,35.22,100,100,1.99,US,2021-12-10 18:42:43,snow
433,Damavand,35.7178,52.065,40.84,52,0,3.2,IR,2021-12-10 18:44:13,clear sky
434,Saint-Francois,46.4154,3.9054,38.48,91,0,5.75,FR,2021-12-10 18:44:13,clear sky
435,Westport,41.1415,-73.3579,53.91,64,75,1.01,US,2021-12-10 18:44:13,broken clouds
436,Palmer,42.1584,-72.3287,43.65,66,100,5.82,US,2021-12-10 18:44:14,overcast clouds
437,Araguaina,-7.1911,-48.2072,76.57,88,100,1.01,BR,2021-12-10 18:44:14,heavy intensity rain
438,Orbetello,42.4408,11.2196,45.79,100,90,16.11,IT,2021-12-10 18:44:14,thunderstorm with light rain
439,Tripoli,32.8752,13.1875,60.31,40,2,21.63,LY,2021-12-10 18:44:15,clear sky
440,Aksu,41.1231,80.2644,24.66,59,0,4.79,CN,2021-12-10 18:44:15,clear sky
441,Canico,32.6333,-16.85,66.7,88,40,1.99,PT,2021-12-10 18:44:15,scattered clouds
442,Darnah,32.767,22.6367,60.33,71,37,6.67,LY,2021-12-10 18:44:16,scattered clouds
443,Saint-Alexandre,44.2278,4.6214,42.37,89,100,8.75,FR,2021-12-10 18:44:16,overcast clouds
444,Puerto Baquerizo Moreno,-0.9,-89.6,74.39,78,75,18.41,EC,2021-12-10 18:38:31,broken clouds
445,San Joaquin,37.9333,-121.3011,55.54,68,1,5.75,US,2021-12-10 18:44:16,clear sky
446,Vila Velha,-20.3297,-40.2925,82.35,81,40,8.01,BR,2021-12-10 18:41:09,scattered clouds
447,Batemans Bay,-35.7167,150.1833,58.91,76,84,12.93,AU,2021-12-10 18:38:55,broken clouds
448,Acapulco,16.8634,-99.8901,85.82,70,40,9.22,MX,2021-12-10 18:44:17,scattered clouds
449,Ambon,-3.6954,128.1814,81.0,79,79,5.01,ID,2021-12-10 18:44:17,light rain
450,Foshan,23.0268,113.1315,69.1,67,1,2.1,CN,2021-12-10 18:44:18,clear sky
451,Dongsheng,39.8161,109.9776,26.15,65,90,9.46,CN,2021-12-10 18:44:18,overcast clouds
452,Mamakan,57.8161,114.0028,4.3,89,100,5.91,RU,2021-12-10 18:44:18,overcast clouds
453,Igrim,63.1906,64.4162,7.38,89,99,8.9,RU,2021-12-10 18:44:19,overcast clouds
454,Leczna,51.3012,22.8814,34.11,100,90,3.44,PL,2021-12-10 18:44:19,mist
455,Isangel,-19.55,169.2667,78.91,89,20,0.0,VU,2021-12-10 18:44:24,few clouds
456,Atbasar,51.8,68.3333,12.58,79,100,6.87,KZ,2021-12-10 18:44:25,overcast clouds
457,Nemuro,43.3236,145.575,38.61,79,100,4.25,JP,2021-12-10 18:39:14,overcast clouds
458,Belaya Gora,68.5333,146.4167,-46.37,99,66,2.98,RU,2021-12-10 18:44:25,broken clouds
459,Kambove,-10.8764,26.5969,67.64,67,97,3.11,CD,2021-12-10 18:44:25,overcast clouds
460,Balabac,7.9868,117.0645,81.39,79,99,11.72,PH,2021-12-10 18:44:26,overcast clouds
461,Waddan,29.1614,16.139,52.27,42,0,3.49,LY,2021-12-10 18:44:26,clear sky
462,Port Blair,11.6667,92.75,79.14,79,1,10.25,IN,2021-12-10 18:44:26,clear sky
463,Quzhou,28.9594,118.8686,50.07,79,0,5.08,CN,2021-12-10 18:44:27,clear sky
464,Hualmay,-11.0964,-77.6139,70.07,79,100,8.75,PE,2021-12-10 18:44:27,overcast clouds
465,Wajima,37.4,136.9,53.08,68,11,3.36,JP,2021-12-10 18:44:27,few clouds
466,Kargasok,59.0556,80.8572,19.04,77,100,15.59,RU,2021-12-10 18:44:28,overcast clouds
467,Cayenne,4.9333,-52.3333,82.44,87,90,3.0,GF,2021-12-10 18:44:28,overcast clouds
468,Baruun-Urt,46.6806,113.2792,11.61,89,100,8.03,MN,2021-12-10 18:36:43,overcast clouds
469,Akcakoca,41.0866,31.1162,55.89,57,100,9.04,TR,2021-12-10 18:44:29,overcast clouds
470,Sinnamary,5.3833,-52.95,78.62,89,100,8.86,GF,2021-12-10 18:44:29,overcast clouds
471,Lubbock,33.6001,-101.8338,68.38,36,75,17.0,US,2021-12-10 18:44:29,dust
472,Isla Mujeres,21.2311,-86.731,84.16,71,0,14.29,MX,2021-12-10 18:44:29,clear sky
473,Sola,-13.8833,167.55,77.67,100,20,0.0,VU,2021-12-10 18:44:30,few clouds
474,Myitkyina,25.3833,97.4,61.77,95,2,2.68,MM,2021-12-10 18:44:30,clear sky
475,Cienfuegos,22.1461,-80.4356,86.14,58,40,8.05,CU,2021-12-10 18:44:30,scattered clouds
476,Santa Catalina,9.3337,122.8637,77.56,91,100,7.78,PH,2021-12-10 18:44:31,overcast clouds
477,Coihaique,-45.5752,-72.0662,74.01,38,40,9.22,CL,2021-12-10 18:44:31,scattered clouds
478,Chifeng,42.2683,118.9636,29.84,50,100,5.21,CN,2021-12-10 18:44:31,overcast clouds
479,Faya,18.3851,42.4509,55.51,29,0,6.49,SA,2021-12-10 18:44:32,clear sky
480,Mattru,7.6244,-11.8332,79.48,77,55,4.54,SL,2021-12-10 18:38:14,broken clouds
481,Boca Do Acre,-8.7522,-67.3978,77.11,96,99,3.58,BR,2021-12-10 18:44:32,overcast clouds
482,Andapa,-14.65,49.65,67.32,99,97,0.54,MG,2021-12-10 18:44:32,overcast clouds
483,Areosa,41.7178,-8.8571,55.96,89,44,7.47,PT,2021-12-10 18:44:33,scattered clouds
484,Pokaran,26.9167,71.9167,61.36,25,47,7.78,IN,2021-12-10 18:44:33,scattered clouds
485,Tubuala,9.5167,-79.0333,93.33,77,8,15.46,PA,2021-12-10 18:44:33,clear sky
486,Akrata,38.15,22.3167,52.81,70,34,11.3,GR,2021-12-10 18:44:34,scattered clouds
487,Guayaramerin,-10.8368,-65.3614,89.65,62,40,6.91,BO,2021-12-10 18:44:34,scattered clouds
488,Naryan-Mar,67.6713,53.087,14.56,92,15,11.36,RU,2021-12-10 18:38:02,few clouds
489,Ostrovnoy,68.0531,39.5131,19.42,76,100,23.04,RU,2021-12-10 18:44:36,overcast clouds
490,Pochutla,15.7432,-96.4661,89.42,52,15,8.43,MX,2021-12-10 18:38:47,few clouds
491,General Artigas,-26.9333,-56.2167,93.09,23,24,3.42,PY,2021-12-10 18:44:36,few clouds
492,Teya,60.3778,92.6267,-8.36,99,100,4.38,RU,2021-12-10 18:37:41,overcast clouds
493,Qingdao,36.0986,120.3719,33.4,100,95,4.47,CN,2021-12-10 18:44:37,fog
494,Sao Miguel,-5.4667,-35.3667,88.57,63,53,15.7,BR,2021-12-10 18:44:37,broken clouds
495,Waipawa,-41.4122,175.5153,64.45,76,100,10.02,NZ,2021-12-10 18:44:37,light rain
496,North Bend,43.4065,-124.2243,47.07,97,75,11.5,US,2021-12-10 18:44:38,broken clouds
497,Iranshahr,27.2025,60.6848,61.14,16,0,0.0,IR,2021-12-10 18:38:01,clear sky
498,Vigrestad,58.5667,5.7,39.0,68,47,14.36,NO,2021-12-10 18:44:38,scattered clouds
499,Chara,56.9064,118.2631,-6.59,90,100,1.3,RU,2021-12-10 18:44:38,overcast clouds
500,Baoqing,46.3317,132.2111,25.52,94,99,6.6,CN,2021-12-10 18:44:39,overcast clouds
501,Basoko,1.2391,23.616,77.34,65,95,3.09,CD,2021-12-10 18:37:25,overcast clouds
502,Hay River,60.8156,-115.7999,-4.02,84,90,1.14,CA,2021-12-10 18:36:57,mist
503,Lagoa,39.05,-27.9833,63.5,77,12,10.58,PT,2021-12-10 18:40:53,few clouds
504,San Quintin,30.4833,-115.95,61.57,51,0,13.89,MX,2021-12-10 18:44:44,clear sky
505,Makuyuni,-4.7333,38.1,74.75,79,31,2.84,TZ,2021-12-10 18:44:45,light rain
506,Jiwani,25.05,61.7417,73.2,50,55,6.13,PK,2021-12-10 18:44:45,broken clouds
507,Sao Luiz Gonzaga,-28.4083,-54.9608,94.03,19,30,6.4,BR,2021-12-10 18:44:45,scattered clouds
508,Barcelos,41.5388,-8.6151,55.54,93,67,4.47,PT,2021-12-10 18:38:00,broken clouds
509,Luau,-10.7073,22.2247,67.41,85,72,3.6,AO,2021-12-10 18:44:46,light rain
510,Mana,5.6592,-53.7767,78.82,86,100,8.52,GF,2021-12-10 18:44:46,overcast clouds
511,Santa Rosa,14.3122,121.1114,78.12,82,23,11.27,PH,2021-12-10 18:44:46,few clouds
512,Vredendal,-31.6683,18.5012,67.21,71,100,13.35,ZA,2021-12-10 18:44:47,overcast clouds
513,Pontianak,-0.0333,109.3333,75.18,100,90,3.44,ID,2021-12-10 18:44:47,mist
514,Kavaratti,10.5669,72.642,82.08,74,82,3.51,IN,2021-12-10 18:44:47,broken clouds
515,Pasni,25.2631,63.471,72.05,53,60,6.82,PK,2021-12-10 18:44:24,broken clouds
516,Sabzevar,36.2126,57.6819,48.25,36,0,3.31,IR,2021-12-10 18:44:48,clear sky
517,Langsa,4.4683,97.9683,74.82,94,100,3.02,ID,2021-12-10 18:44:48,overcast clouds
518,Maku,39.2911,44.4521,36.61,69,0,3.0,IR,2021-12-10 18:44:49,clear sky
519,Bati,11.1833,40.0167,62.02,39,0,4.21,ET,2021-12-10 18:44:49,clear sky
520,Beausejour,50.0622,-96.5167,19.83,81,16,8.3,CA,2021-12-10 18:44:49,few clouds
521,Donskoye,45.4552,41.9741,39.33,86,7,6.29,RU,2021-12-10 18:44:49,clear sky
522,Vung Tau,10.346,107.0843,76.08,77,97,4.76,VN,2021-12-10 18:44:50,overcast clouds
523,Powell River,49.8496,-124.5361,39.47,93,90,9.22,CA,2021-12-10 18:44:06,overcast clouds
524,Torit,4.4133,32.5678,88.95,26,63,6.02,SS,2021-12-10 18:44:50,broken clouds
525,Kampong Thum,12.7111,104.8887,68.25,70,90,5.86,KH,2021-12-10 18:39:32,overcast clouds
526,Sur,22.5667,59.5289,72.54,56,51,5.77,OM,2021-12-10 18:44:51,broken clouds
527,Cabedelo,-6.9811,-34.8339,86.67,71,83,12.8,BR,2021-12-10 18:39:06,broken clouds
528,Port-Gentil,-0.7193,8.7815,81.54,80,82,6.93,GA,2021-12-10 18:41:07,broken clouds
529,Juxtlahuaca,17.4294,-99.1467,87.22,32,100,2.35,MX,2021-12-10 18:44:51,overcast clouds
530,Doctor Arroyo,23.6667,-100.1833,74.62,17,100,7.63,MX,2021-12-10 18:44:52,overcast clouds
531,Maturin,9.75,-63.1767,87.89,48,96,12.06,VE,2021-12-10 18:44:52,overcast clouds
532,Azanka,58.0401,64.7893,16.16,96,75,5.79,RU,2021-12-10 18:44:52,broken clouds
533,Bintulu,3.1667,113.0333,75.61,100,40,0.0,MY,2021-12-10 18:44:53,scattered clouds
534,Morondava,-20.2833,44.2833,80.13,84,89,7.72,MG,2021-12-10 18:44:53,overcast clouds
535,Narrabri,-30.3167,149.7833,57.52,88,0,5.75,AU,2021-12-10 18:44:53,clear sky
536,Ahlat,38.7518,42.4814,32.83,72,1,3.96,TR,2021-12-10 18:44:54,clear sky
537,Beira,-19.8436,34.8389,80.69,83,20,13.0,MZ,2021-12-10 18:44:54,few clouds
538,Ikom,5.9667,8.7063,80.01,37,34,3.4,NG,2021-12-10 18:44:54,scattered clouds
539,Taraza,7.5836,-75.4007,88.95,60,93,4.65,CO,2021-12-10 18:44:55,overcast clouds
540,Kutum,14.2,24.6667,68.38,18,0,7.78,SD,2021-12-10 18:44:55,clear sky
541,Wangkui,46.8333,126.5,5.86,97,100,1.52,CN,2021-12-10 18:44:55,overcast clouds
542,Ahuimanu,21.4447,-157.8378,77.45,73,75,11.5,US,2021-12-10 18:44:56,broken clouds
543,Pueblo Nuevo,23.3833,-105.3833,65.77,28,99,6.38,MX,2021-12-10 18:44:56,overcast clouds
544,Mafinga,-7.25,35.0667,78.22,44,89,9.19,TZ,2021-12-10 18:44:56,overcast clouds
545,Gat,31.61,34.7642,66.9,44,100,4.05,IL,2021-12-10 18:44:57,overcast clouds
546,Jashpurnagar,22.9,84.15,61.45,66,95,4.92,IN,2021-12-10 18:45:02,overcast clouds
547,Luderitz,-26.6481,15.1594,62.58,86,0,12.55,NA,2021-12-10 18:45:02,clear sky
548,Boguchany,58.3814,97.4531,-6.02,97,63,6.15,RU,2021-12-10 18:45:03,broken clouds
549,Fukue,32.6881,128.8419,60.04,64,100,7.92,JP,2021-12-10 18:45:03,overcast clouds
550,Mae Hong Son,19.3003,97.9685,65.59,86,0,1.5,TH,2021-12-10 18:45:03,clear sky
551,Axim,4.8699,-2.2405,80.46,83,22,8.86,GH,2021-12-10 18:45:04,light rain
552,Abu Kamal,34.4506,40.9171,55.44,53,5,5.37,SY,2021-12-10 18:45:04,clear sky
553,Ornskoldsvik,63.2909,18.7153,32.95,100,90,10.36,SE,2021-12-10 18:45:04,light snow
554,Tahoua,14.8888,5.2692,82.38,13,26,6.91,NE,2021-12-10 18:45:05,scattered clouds
555,Concarneau,47.875,-3.9225,48.99,73,49,14.54,FR,2021-12-10 18:45:05,scattered clouds
556,Nokha,27.6,73.4167,58.71,27,5,5.3,IN,2021-12-10 18:45:05,clear sky
557,Capellania,8.3,-80.55,89.31,58,12,14.45,PA,2021-12-10 18:45:06,few clouds
558,Kachug,53.9606,105.8817,6.37,81,97,10.83,RU,2021-12-10 18:45:06,overcast clouds
559,Sobolevo,54.4299,31.8996,33.78,95,100,18.57,RU,2021-12-10 18:45:06,overcast clouds
560,Masvingo,-20.0637,30.8277,73.45,48,57,5.12,ZW,2021-12-10 18:45:07,broken clouds
561,Sayat,38.7839,63.8803,42.67,38,6,8.43,TM,2021-12-10 18:39:28,clear sky
562,Ascope,-7.7144,-79.1078,63.73,55,84,11.18,PE,2021-12-10 18:45:08,broken clouds
563,Castelldefels,41.2779,1.9703,59.05,54,20,15.01,ES,2021-12-10 18:45:08,few clouds
564,Pitkyaranta,61.5734,31.4792,14.99,83,80,12.97,RU,2021-12-10 18:45:09,broken clouds
565,Meulaboh,4.1363,96.1285,77.34,85,98,2.33,ID,2021-12-10 18:45:09,overcast clouds
566,Mahajanga,-15.7167,46.3167,82.42,74,20,5.75,MG,2021-12-10 18:45:09,light rain
567,Asau,46.4333,26.4,40.28,86,100,2.71,RO,2021-12-10 18:45:10,light rain
568,Los Palacios,22.5872,-83.2486,83.91,48,4,12.64,CU,2021-12-10 18:45:10,clear sky
569,Pringsewu,-5.3582,104.9744,72.23,97,100,1.88,ID,2021-12-10 18:45:10,overcast clouds
570,Marsaxlokk,35.8419,14.5431,62.08,71,100,32.17,MT,2021-12-10 18:45:11,overcast clouds
571,Shingu,33.7333,135.9833,48.36,84,0,5.95,JP,2021-12-10 18:45:11,clear sky
572,Dire Dawa,9.5931,41.8661,63.55,58,6,3.24,ET,2021-12-10 18:45:11,clear sky
573,Davila,18.4726,120.5763,75.18,80,81,21.14,PH,2021-12-10 18:45:12,broken clouds
574,Karratha,-20.7377,116.8463,87.21,43,5,7.14,AU,2021-12-10 18:39:29,clear sky
575,Mitsamiouli,-11.3847,43.2844,80.89,74,20,17.27,KM,2021-12-10 18:45:12,few clouds
576,Broome,42.2506,-75.833,44.02,69,90,1.01,US,2021-12-10 18:45:12,overcast clouds
577,Bosaso,11.2842,49.1816,75.97,74,14,9.01,SO,2021-12-10 18:45:13,few clouds
578,Haines Junction,60.7522,-137.5108,4.95,85,90,3.44,CA,2021-12-10 18:45:13,overcast clouds
579,Duldurga,50.6761,113.5931,10.62,65,100,11.43,RU,2021-12-10 18:45:13,overcast clouds
580,Khash,28.2211,61.2158,49.62,21,1,2.42,IR,2021-12-10 18:45:14,clear sky
581,Kaka,37.3482,59.6143,50.59,49,7,3.29,TM,2021-12-10 18:45:14,clear sky
582,Belyy Yar,53.6039,91.3903,19.29,68,0,6.71,RU,2021-12-10 18:45:14,clear sky
583,Borinskoye,52.4569,39.3713,26.89,68,1,8.84,RU,2021-12-10 18:45:15,clear sky
584,Moron,-34.6534,-58.6198,82.02,56,99,1.99,AR,2021-12-10 18:35:41,overcast clouds
585,Boyolangu,-8.1181,111.8935,76.21,91,99,3.44,ID,2021-12-10 18:36:08,overcast clouds
586,Sao Jose Da Coroa Grande,-8.8978,-35.1478,82.47,70,38,12.68,BR,2021-12-10 18:45:15,scattered clouds
587,Aketi,2.7388,23.7833,76.17,53,100,1.07,CD,2021-12-10 18:45:16,overcast clouds
588,Bin Qirdan,33.1378,11.2197,58.14,35,6,16.6,TN,2021-12-10 18:45:16,clear sky
589,Karabash,55.4808,60.2157,19.06,88,100,2.91,RU,2021-12-10 18:45:16,overcast clouds
590,Alappuzha,9.49,76.3264,79.86,70,5,2.33,IN,2021-12-10 18:45:17,clear sky
591,Koslan,63.4564,48.8989,-0.63,99,54,5.12,RU,2021-12-10 18:45:17,broken clouds
592,Aswan,24.0934,32.907,72.7,40,0,13.8,EG,2021-12-10 18:35:23,clear sky
593,Walvis Bay,-22.9575,14.5053,67.15,68,0,8.05,NA,2021-12-10 18:45:23,clear sky
594,Pevek,69.7008,170.3133,-28.95,98,99,3.22,RU,2021-12-10 18:45:23,overcast clouds
595,San Jeronimo,-11.9472,-75.2829,66.74,46,46,4.63,PE,2021-12-10 18:45:23,scattered clouds
596,Olafsvik,64.8945,-23.7142,34.88,76,92,10.83,IS,2021-12-10 18:36:15,overcast clouds
597,Aykhal,66.0,111.5,-14.15,97,100,13.65,RU,2021-12-10 18:45:24,overcast clouds
598,Capitan Bado,-23.2667,-55.5333,90.27,23,84,6.2,PY,2021-12-10 18:45:24,broken clouds
599,San Miguel,13.4833,-88.1833,92.8,43,0,8.05,SV,2021-12-10 18:45:25,clear sky
600,Bagdarin,54.4333,113.6,-3.59,90,100,3.31,RU,2021-12-10 18:45:25,overcast clouds
601,Voznesenye,61.0106,35.4781,10.62,85,100,8.3,RU,2021-12-10 18:45:25,overcast clouds
602,Trelew,-43.249,-65.3051,90.18,17,0,23.15,AR,2021-12-10 18:45:26,clear sky
603,Tezu,27.9167,96.1667,61.45,50,50,3.89,IN,2021-12-10 18:45:26,scattered clouds
604,Conceicao Do Araguaia,-8.2578,-49.2647,80.71,86,100,1.28,BR,2021-12-10 18:45:26,overcast clouds
605,Rudbar,30.15,62.6,54.91,19,12,1.43,AF,2021-12-10 18:45:27,few clouds
606,Umm Kaddadah,13.6017,26.6876,71.11,30,0,12.73,SD,2021-12-10 18:45:27,clear sky
607,Riyadh,24.6877,46.7219,59.14,34,37,7.16,SA,2021-12-10 18:45:27,scattered clouds
608,Hilton Head Island,32.2163,-80.7526,64.99,83,75,3.44,US,2021-12-10 18:44:09,broken clouds
609,Karatau,43.1667,70.4667,35.22,43,92,4.12,KZ,2021-12-10 18:45:28,overcast clouds
610,Novyy Urengoy,66.0833,76.6333,11.17,94,100,16.53,RU,2021-12-10 18:38:17,snow
611,Makakilo City,21.3469,-158.0858,77.61,70,1,5.75,US,2021-12-10 18:38:26,clear sky
612,Kovdor,67.5662,30.4758,12.76,83,100,6.71,RU,2021-12-10 18:45:28,overcast clouds
613,Belmonte,-15.8631,-38.8828,75.7,91,100,4.88,BR,2021-12-10 18:45:29,overcast clouds
614,Koungou,-12.7336,45.2042,76.71,94,0,3.44,YT,2021-12-10 18:45:29,clear sky
615,Uyuni,-20.4597,-66.825,63.5,37,76,17.2,BO,2021-12-10 18:36:00,broken clouds
616,Vangaindrano,-23.35,47.6,75.02,91,13,6.82,MG,2021-12-10 18:45:29,light rain
617,Prince Albert,53.2001,-105.7677,19.35,68,75,5.75,CA,2021-12-10 18:45:17,light snow
618,Uray,60.1247,64.7758,10.4,84,6,11.36,RU,2021-12-10 18:45:30,clear sky
619,Dauphin,51.1494,-100.0502,23.14,58,1,13.8,CA,2021-12-10 18:45:30,clear sky
620,Quepos,9.4236,-84.1652,95.79,65,11,5.88,CR,2021-12-10 18:45:30,few clouds
621,Avera,33.194,-82.5271,55.06,91,100,5.39,US,2021-12-10 18:36:31,overcast clouds
622,Onalaska,43.8844,-91.2351,35.46,73,90,8.05,US,2021-12-10 18:44:26,overcast clouds
623,Witu,-2.3889,40.4382,82.56,88,13,6.53,KE,2021-12-10 18:45:31,few clouds
624,Makat,47.6469,53.3463,38.07,96,100,6.76,KZ,2021-12-10 18:45:31,overcast clouds
625,Aberdeen,57.1437,-2.0981,37.89,75,2,10.36,GB,2021-12-10 18:44:13,clear sky
626,Hayvoron,48.3396,29.8679,48.34,81,100,21.92,UA,2021-12-10 18:45:32,overcast clouds
627,Suba,10.8438,121.0102,80.17,86,95,32.1,PH,2021-12-10 18:45:32,overcast clouds
628,Berezovyy,51.6667,135.7,19.13,97,100,2.06,RU,2021-12-10 18:45:33,overcast clouds
629,Palana,59.1167,159.9667,7.7,94,98,6.89,RU,2021-12-10 18:45:34,overcast clouds
630,Gorom-Gorom,14.4439,-0.2361,77.29,9,97,9.22,BF,2021-12-10 18:45:34,overcast clouds
631,Lishui,28.4604,119.9103,50.09,96,0,2.77,CN,2021-12-10 18:45:34,clear sky
632,Whitehorse,60.7161,-135.0538,20.17,86,75,13.8,CA,2021-12-10 18:45:35,broken clouds
633,Villahermosa,17.9833,-92.9167,86.07,54,1,57.53,MX,2021-12-10 18:43:50,clear sky
634,Labytnangi,66.6572,66.4183,9.43,85,100,8.59,RU,2021-12-10 18:45:35,overcast clouds
635,Port Keats,-14.25,129.55,80.28,81,100,4.85,AU,2021-12-10 18:45:35,overcast clouds
636,Ginda,30.6945,78.4932,39.02,23,0,8.57,IN,2021-12-10 18:45:36,clear sky
637,Oxford,51.7522,-1.256,41.77,86,6,1.99,GB,2021-12-10 18:45:41,clear sky
638,Luganville,-15.5333,167.1667,79.74,85,90,1.77,VU,2021-12-10 18:45:41,overcast clouds
639,Pangoa,-12.1167,-73.0,83.16,56,100,4.25,PE,2021-12-10 18:45:42,overcast clouds
640,Urumita,10.5589,-73.0123,91.81,30,54,9.78,CO,2021-12-10 18:45:42,broken clouds
641,Newport,51.5877,-2.9984,43.83,78,9,11.63,GB,2021-12-10 18:42:30,clear sky
642,Porbandar,21.6422,69.6093,73.81,52,0,13.8,IN,2021-12-10 18:45:43,clear sky
643,Shache,38.4167,77.2406,27.55,48,0,4.65,CN,2021-12-10 18:45:43,clear sky
644,Sajanan,37.0573,9.2426,59.92,91,100,30.04,TN,2021-12-10 18:45:43,overcast clouds
645,Marquette,46.5333,-87.6335,33.33,69,100,3.4,US,2021-12-10 18:45:43,overcast clouds
646,Nanning,22.8167,108.3167,66.65,73,85,5.77,CN,2021-12-10 18:45:44,overcast clouds
647,Penzance,50.1186,-5.5371,47.77,66,90,22.3,GB,2021-12-10 18:45:45,overcast clouds
648,Xuddur,4.1213,43.8894,76.14,36,16,9.46,SO,2021-12-10 18:45:46,few clouds
649,Cizre,37.3272,42.1903,50.22,64,0,2.21,TR,2021-12-10 18:45:46,clear sky
650,Sigiriya,7.9518,80.7426,71.83,96,28,3.13,LK,2021-12-10 18:45:46,scattered clouds
651,Ust-Ilimsk,58.0006,102.6619,4.08,91,100,9.6,RU,2021-12-10 18:45:47,overcast clouds
652,Urdoma,61.7533,48.5442,-10.01,100,90,3.02,RU,2021-12-10 18:45:47,overcast clouds
653,Necochea,-38.5473,-58.7368,67.06,76,100,8.08,AR,2021-12-10 18:45:48,overcast clouds
654,San Antonio,29.4241,-98.4936,82.9,71,75,5.01,US,2021-12-10 18:43:33,broken clouds
655,Te Anau,-45.4167,167.7167,52.36,82,100,2.46,NZ,2021-12-10 18:45:48,overcast clouds
656,Salamiyah,35.0113,37.0532,54.41,58,30,9.86,SY,2021-12-10 18:45:48,scattered clouds
657,Kloulklubed,7.0419,134.2556,79.3,72,13,7.4,PW,2021-12-10 18:45:49,few clouds
658,Brae,60.3964,-1.353,42.71,87,100,5.88,GB,2021-12-10 18:36:57,overcast clouds
659,Nzerekore,7.7562,-8.8179,80.82,42,95,2.64,GN,2021-12-10 18:45:49,overcast clouds
660,Mont-De-Marsan,44.0,-0.6667,51.44,94,75,8.05,FR,2021-12-10 18:45:49,broken clouds
661,Atambua,-9.1061,124.8925,75.29,84,96,2.95,ID,2021-12-10 18:45:50,overcast clouds
662,Khvastovichi,53.4694,35.0941,33.94,92,100,12.17,RU,2021-12-10 18:45:50,overcast clouds
663,Ipameri,-17.7219,-48.1597,87.55,39,56,3.24,BR,2021-12-10 18:45:50,broken clouds
664,Shelburne,44.0787,-80.2041,38.57,92,100,5.57,CA,2021-12-10 18:45:51,overcast clouds
665,Pangai,-19.8,-174.35,73.51,88,20,0.0,TO,2021-12-10 18:45:51,few clouds
666,Klaeng,12.7797,101.6483,77.9,100,4,4.32,TH,2021-12-10 18:45:51,clear sky
667,Cabatuan,10.8794,122.486,75.61,94,99,14.41,PH,2021-12-10 18:45:52,overcast clouds
668,Mayumba,-3.432,10.6554,78.46,89,91,4.59,GA,2021-12-10 18:36:32,light rain
669,Lhokseumawe,5.1801,97.1507,78.01,85,97,3.31,ID,2021-12-10 18:45:52,overcast clouds
670,Constitucion,-35.3333,-72.4167,63.19,77,67,11.95,CL,2021-12-10 18:45:52,broken clouds
671,Lakes Entrance,-37.8811,147.981,55.17,85,100,11.65,AU,2021-12-10 18:45:53,overcast clouds
672,Sorong,-0.8833,131.25,81.7,79,100,6.85,ID,2021-12-10 18:36:31,overcast clouds
673,Srandakan,-7.9386,110.2506,78.17,85,100,2.64,ID,2021-12-10 18:45:53,light rain
674,Eskisehir,39.7767,30.5206,46.31,71,75,12.66,TR,2021-12-10 18:45:54,broken clouds
675,Ketchikan,55.3422,-131.6461,36.07,93,90,4.61,US,2021-12-10 18:45:08,moderate rain
676,Mosquera,4.7059,-74.2302,66.29,68,75,9.22,CO,2021-12-10 18:41:13,broken clouds
677,Ternate,0.8,127.4,81.39,82,100,7.9,ID,2021-12-10 18:38:32,overcast clouds
678,Quelimane,-17.8786,36.8883,82.35,83,20,8.99,MZ,2021-12-10 18:45:55,few clouds
679,Phonhong,18.5007,102.4166,66.11,91,0,0.92,LA,2021-12-10 18:45:55,clear sky
680,Kurchum,48.5722,83.6542,-9.72,93,12,3.36,KZ,2021-12-10 18:45:55,few clouds
681,Wenatchee,47.4235,-120.3103,40.84,74,1,1.01,US,2021-12-10 18:45:56,clear sky
682,Morgan City,29.6994,-91.2068,82.4,78,90,20.71,US,2021-12-10 18:45:56,overcast clouds
683,Macklin,52.3334,-109.9348,21.54,74,100,10.65,CA,2021-12-10 18:45:56,overcast clouds
684,Iquique,-20.2208,-70.1431,73.44,61,92,3.78,CL,2021-12-10 18:42:09,overcast clouds
685,Gibsons,49.3997,-123.5027,41.0,90,100,7.29,CA,2021-12-10 18:43:13,overcast clouds
686,Cap-Aux-Meules,47.3821,-61.8597,26.62,59,75,4.61,CA,2021-12-10 18:46:02,light shower snow
687,Smidovich,48.6,133.8167,21.29,97,100,6.93,RU,2021-12-10 18:46:02,light snow
688,Kraslava,55.8951,27.168,35.15,97,100,14.85,LV,2021-12-10 18:46:03,overcast clouds
689,Makokou,0.5738,12.8642,76.91,71,98,1.45,GA,2021-12-10 18:46:03,overcast clouds
690,Turayf,31.6725,38.6637,52.05,66,0,13.8,SA,2021-12-10 18:46:03,clear sky
691,Itupiranga,-5.1347,-49.3267,89.92,69,98,2.13,BR,2021-12-10 18:46:04,overcast clouds
